"TimestampMs","WorkingSet64","PeakWorkingSet64","PrivateMemorySize64"
"1789630150494","272195584","325931008","324792320"
"1789630150700","277356544","325931008","329654272"
"1789630150906","388550656","388550656","441425920"
"1789630151115","555732992","555732992","792113152"
"1789630151327","694046720","694046720","792190976"
"1789630151543","811249664","811249664","1629077504"
"1789630151750","1219215360","1219215360","1629077504"
"1789630151957","1429020672","1429020672","1629077504"
"1789630152166","1429098496","1429098496","1629077504"
"1789630152371","1429549056","1429549056","1629097984"
"1789630152584","1431318528","1431318528","1631002624"
"1789630152800","1430876160","1432379392","1630777344"
"1789630153006","1561153536","1561153536","2367700992"
"1789630153214","1623957504","1623957504","2375540736"
"1789630153420","1681158144","1681158144","2382499840"
"1789630153626","2062684160","2062684160","2385330176"
"1789630153832","2267058176","2267058176","2388770816"
"1789630154040","2270490624","2270490624","2392207360"
"1789630154246","2276118528","2276118528","2396786688"
"1789630154452","2279546880","2279546880","2400223232"
"1789630154660","2283032576","2283032576","2403586048"
"1789630154867","2286485504","2286485504","2407022592"
"1789630155074","2256326656","2289913856","2381115392"
"1789630155283","2269011968","2289913856","2393612288"
"1789630155490","2323034112","2323034112","2443972608"
"1789630155697","2323083264","2323083264","2444038144"
"1789630155903","2323083264","2323083264","2444038144"
"1789630156111","2323083264","2323083264","2444038144"
"1789630156320","2329178112","2329178112","2449817600"
"1789630156531","2335588352","2335588352","2456297472"
"1789630156731","2353389568","2355757056","2471325696"
"1789630156944","2363244544","2363244544","2481422336"
"1789630157146","2375020544","2375020544","2494689280"
"1789630157352","2391863296","2391863296","2511740928"
"1789630157558","2495062016","2495062016","2617442304"
"1789630157772","2638987264","2640060416","2763710464"
"1789630158025","2651693056","2651693056","2774642688"
"1789630158230","2660921344","2666864640","2769080320"
"1789630158447","2665172992","2666864640","2772058112"
"1789630158660","2712121344","2712121344","2916388864"
"1789630158878","2725081088","2725081088","2929418240"
"1789630159088","2737909760","2737909760","2942652416"
"1789630159309","2767884288","2768617472","2972975104"
"1789630159517","2768257024","2772066304","2972790784"
"1789630159728","2769911808","2772066304","2974371840"
"1789630159943","2770067456","2773168128","2975215616"
"1789630160148","2759172096","2778398720","2970058752"
"1789630160362","2791866368","2791866368","2999533568"
"1789630160564","2808147968","2808147968","3013955584"
"1789630160771","2830258176","2835324928","3036033024"
"1789630160978","2860560384","2860564480","3067764736"
"1789630161241","2884169728","2884169728","3090796544"
"1789630161454","2955247616","2955247616","3181891584"
"1789630161661","2967572480","2972925952","3176632320"
"1789630161867","2972155904","2972925952","3181379584"
"1789630162073","2990288896","2990292992","3199934464"
"1789630162280","3017441280","3017441280","3227971584"
"1789630162492","3027775488","3027775488","3237994496"
"1789630162707","3030806528","3030822912","3240796160"
"1789630162913","3030749184","3030839296","3240796160"
"1789630163119","3039043584","3039043584","3249373184"
"1789630163326","3067207680","3067207680","3278438400"
"1789630163533","3083988992","3083988992","3295371264"
"1789630163749","3087708160","3087708160","3297873920"
"1789630163957","3087704064","3087708160","3297873920"
"1789630164166","3089059840","3089059840","3299278848"
"1789630164373","3107520512","3107520512","3318530048"
"1789630164585","3129671680","3129671680","3341058048"
"1789630164825","3137843200","3137843200","3348869120"
"1789630165040","3138912256","3138912256","3349970944"
"1789630165260","3113357312","3138912256","3328131072"
"1789630165472","3106803712","3138912256","3317657600"
"1789630165673","3021725696","3138912256","3219906560"
"1789630165881","3022319616","3138912256","3220504576"
"1789630166087","3041579008","3138912256","3240292352"
"1789630166294","3042357248","3138912256","3240443904"
"1789630166508","3042795520","3138912256","3240509440"
"1789630166720","3077644288","3138912256","3491581952"
"1789630166928","3187716096","3187716096","3492470784"
"1789630167135","3285438464","3285446656","3494522880"
"1789630167340","3287113728","3287113728","3496382464"
"1789630167549","3288428544","3288436736","3497603072"
"1789630167811","3290152960","3290152960","3499630592"
"1789630168018","3292258304","3292258304","3501969408"
"1789630168224","3292504064","3292508160","3502231552"
"1789630168432","3293851648","3293851648","3503689728"
"1789630168638","3300675584","3300679680","3510464512"
"1789630168842","3310227456","3310227456","3519688704"
"1789630169060","3320532992","3320532992","3532738560"
"1789630169266","3323490304","3323490304","3534548992"
"1789630169474","3323932672","3323932672","3534925824"
"1789630169679","3326074880","3326074880","3536019456"
"1789630169882","3339530240","3339530240","3547717632"
"1789630170090","3360411648","3360411648","3565395968"
"1789630170301","3368488960","3374546944","3573633024"
"1789630170540","3379945472","3379945472","3580723200"
"1789630170750","3382001664","3382001664","3582672896"
"1789630170969","3382005760","3382005760","3582672896"
"1789630171181","3382571008","3382571008","3583590400"
"1789630171389","3383918592","3383918592","3585228800"
"1789630171597","3390652416","3390652416","3592269824"
"1789630171878","3412795392","3412795392","3615252480"
"1789630172086","3491168256","3491168256","3841699840"
"1789630172290","3593928704","3593928704","3841699840"
"1789630172507","3641438208","3641438208","3851358208"
"1789630172712","3658539008","3658539008","3869179904"
"1789630172923","3685867520","3685867520","3896610816"
"1789630173178","3710787584","3710787584","3922079744"
"1789630173384","3712192512","3712192512","3923480576"
"1789630173595","3712319488","3712319488","3923603456"
"1789630173814","3713159168","3713159168","3924537344"
"1789630174030","3715133440","3715133440","3926667264"
"1789630174239","3716952064","3716952064","3928580096"
"1789630174447","3735937024","3735937024","3948007424"
"1789630174658","3740049408","3740049408","3951853568"
"1789630174864","3741134848","3741134848","3952955392"
"1789630175072","3741396992","3741421568","3953258496"
"1789630175289","3743956992","3743956992","3955871744"
"1789630175499","3754156032","3754156032","3966242816"
"1789630175706","3776741376","3776741376","3989311488"
"1789630175918","3783671808","3783671808","3995869184"
"1789630176124","3783680000","3783680000","3995869184"
"1789630176332","3783921664","3783925760","3996127232"
"1789630176539","3785584640","3785584640","3997642752"
"1789630176748","3804024832","3804024832","4016484352"
"1789630176966","3823427584","3823427584","4157632512"
"1789630177173","3895521280","3895521280","4160200704"
"1789630177390","3944218624","3944218624","4160692224"
"1789630177598","3948142592","3948142592","4164698112"
"1789630177806","3961823232","3961823232","4178468864"
"1789630178016","3984314368","3984314368","4201590784"
"1789630178356","4005367808","4005367808","4223127552"
"1789630178564","4006703104","4006703104","4224499712"
"1789630178781","4006682624","4006703104","4224499712"
"1789630178988","4007321600","4007321600","4225196032"
"1789630179197","4013944832","4013944832","4232032256"
"1789630179458","4032864256","4032864256","4251578368"
"1789630179665","4034785280","4034785280","4253503488"
"1789630179872","4034801664","4034818048","4253503488"
"1789630180081","4036411392","4036411392","4255223808"
"1789630180288","4038447104","4038447104","4257427456"
"1789630180511","4052996096","4052996096","4272349184"
"1789630180724","4054376448","4054376448","4273725440"
"1789630180931","4054380544","4054380544","4273725440"
"1789630181136","4055228416","4055228416","4274642944"
"1789630181340","4056924160","4056924160","4276461568"
"1789630181608","4066525184","4066525184","4286205952"
"1789630181814","4068753408","4068753408","4288409600"
"1789630182036","4068810752","4068810752","4288454656"
"1789630182247","4070506496","4070506496","4290301952"
"1789630182455","4078915584","4078915584","4298977280"
"1789630182674","4088229888","4088229888","4459446272"
"1789630182880","4165009408","4165009408","4460224512"
"1789630183096","4236259328","4236259328","4461801472"
"1789630183317","4237869056","4237869056","4463534080"
"1789630183528","4243623936","4243623936","4469514240"
"1789630183775","4262682624","4262682624","4489150464"
"1789630183980","4264062976","4264062976","4490563584"
"1789630184189","4264767488","4264767488","4491304960"
"1789630184396","4266573824","4266573824","4493238272"
"1789630184605","4284936192","4284936192","4512022528"
"1789630184817","4287770624","4287770624","4514791424"
"1789630185029","4287774720","4287774720","4514791424"
"1789630185235","4298752000","4298752000","4526145536"
"1789630185479","4320698368","4320698368","4548489216"
"1789630185686","4323262464","4323262464","4551000064"
"1789630185895","4334456832","4334456832","4562554880"
"1789630186103","4354396160","4354396160","4582850560"
"1789630186308","4363538432","4363538432","4689350656"
"1789630186515","4433379328","4433379328","4690452480"
"1789630186721","4459294720","4459294720","4691423232"
"1789630186930","4460892160","4460892160","4693118976"
"1789630187143","4478500864","4478500864","4711178240"
"1789630187361","4482121728","4482121728","4714840064"
"1789630187576","4482125824","4482125824","4714840064"
"1789630187788","4482125824","4482125824","4714840064"
"1789630187997","4486868992","4486868992","4719763456"
"1789630188216","4502622208","4502622208","4735971328"
"1789630188430","4505354240","4505354240","4738281472"
"1789630188638","4506136576","4506136576","4739076096"
"1789630188845","4524539904","4524539904","4758003712"
"1789630189053","4533813248","4533813248","4767481856"
"1789630189261","4534882304","4534882304","4768579584"
"1789630189469","4550246400","4550246400","4784148480"
"1789630189683","4576395264","4576395264","4889288704"
"1789630189888","4651970560","4651970560","4889366528"
"1789630190092","4657078272","4657078272","4894679040"
"1789630190352","4677959680","4677959680","4916187136"
"1789630190570","4682317824","4682317824","4920606720"
"1789630190774","4689539072","4689539072","4928032768"
"1789630191018","4707905536","4707905536","4946726912"
"1789630191232","4711071744","4711071744","4950065152"
"1789630191449","4714614784","4714614784","4953640960"
"1789630191656","4726767616","4726767616","4965974016"
"1789630191864","4742373376","4742373376","4981788672"
"1789630192071","4742373376","4742373376","4981788672"
"1789630192279","4751626240","4751626240","4991188992"
"1789630192486","4759941120","4759941120","4999786496"
"1789630192694","4760735744","4760735744","5000609792"
"1789630192914","4774711296","4774711296","5014867968"
"1789630193120","4775583744","4775583744","5015769088"
"1789630193366","4795752448","4795752448","5083512832"
"1789630193570","4842430464","4842430464","5084340224"
"1789630193788","4858572800","4858572800","5100949504"
"1789630194007","4864491520","4864491520","5107040256"
"1789630194227","4864491520","4864491520","5107040256"
"1789630194445","4864491520","4864491520","5107040256"
"1789630194666","4864491520","4864491520","5107040256"
"1789630194881","4864491520","4864499712","5107040256"
"1789630195104","4864458752","4864499712","5107040256"
"1789630195327","4865368064","4865368064","5108023296"
"1789630195531","4869906432","4869906432","5112680448"
"1789630195734","4872798208","4872798208","5115613184"
"1789630195950","4872794112","4872798208","5115613184"
"1789630196165","4872777728","4872798208","5115613184"
"1789630196380","4872749056","4872798208","5115613184"
"1789630196604","4872716288","4872798208","5115613184"
"1789630196806","4874358784","4874358784","5117341696"
"1789630197048","4879978496","4879978496","5123092480"
"1789630197274","4880719872","4880719872","5123862528"
"1789630197489","4880719872","4880719872","5123862528"
"1789630197708","4881248256","4881248256","5124411392"
"1789630197928","4884815872","4884815872","5128110080"
"1789630198134","4889149440","4889149440","5132488704"
"1789630198348","4894240768","4894240768","5137686528"
"1789630198556","4894244864","4894244864","5137686528"
"1789630198773","4894244864","4894244864","5137686528"
"1789630198994","4896534528","4896534528","5140074496"
"1789630199207","4902117376","4902117376","5145829376"
"1789630199427","4904484864","4904484864","5148225536"
"1789630199640","4904484864","4904484864","5148225536"
"1789630199848","4905811968","4905811968","5149597696"
"1789630200054","4912685056","4912685056","5156626432"
"1789630200271","4915945472","4915945472","5160046592"
"1789630200489","4920467456","4920467456","5164720128"
"1789630200701","4925304832","4925304832","5169549312"
"1789630200979","4934160384","4934160384","5178691584"
"1789630201182","4934635520","4934635520","5179187200"
"1789630201389","4937564160","4937564160","5182210048"
"1789630201601","4942581760","4942581760","5187284992"
"1789630201807","4950454272","4950454272","5195423744"
"1789630202023","4952768512","4952768512","5197729792"
"1789630202232","4956762112","4956762112","5201854464"
"1789630202438","4967636992","4967636992","5212946432"
"1789630202646","4971438080","4971438080","5216817152"
"1789630202863","4971438080","4971438080","5216817152"
"1789630203087","4975833088","4975833088","5221408768"
"1789630203362","4983746560","4983746560","5229449216"
"1789630203565","4984553472","4984553472","5230276608"
"1789630203780","4984553472","4984553472","5230276608"
"1789630203998","4987727872","4987727872","5233545216"
"1789630204204","4995809280","4995809280","5241901056"
"1789630204436","5008949248","5008949248","5255327744"
"1789630204644","5023522816","5023522816","5270245376"
"1789630204851","5029605376","5029605376","5276545024"
"1789630205058","5043253248","5043253248","5290496000"
"1789630205270","5067624448","5067624448","5306548224"
"1789630205479","5068460032","5068460032","5306564608"
"1789630205688","5074964480","5074964480","5312905216"
"1789630205904","5080174592","5080174592","5313867776"
"1789630206112","5096910848","5096910848","5442240512"
"1789630206331","5155139584","5155139584","5448339456"
"1789630206557","5155139584","5155139584","5448339456"
"1789630206768","5166891008","5166891008","5460176896"
"1789630207305","5212196864","5212196864","6270976000"
"1789630207527","5220130816","5220130816","6273118208"
"1789630207829","5223141376","5223141376","6274740224"
"1789630208067","5228130304","5228130304","6275289088"
"1789630208274","5280305152","5280305152","6280118272"
"1789630208498","5302607872","5302607872","6283698176"
"1789630208735","5325803520","5325803520","6285803520"
"1789630208960","5336981504","5344804864","6270492672"
"1789630209183","5335633920","5344804864","6242062336"
"1789630209400","5349318656","5361688576","6228987904"
"1789630209616","5329260544","5361688576","6207217664"
"1789630209828","5309464576","5361688576","6188064768"
"1789630210044","5080739840","5361688576","5963571200"
"1789630210267","4627464192","5361688576","5511528448"
"1789630210488","4385226752","5361688576","5195833344"
"1789630210707","4407574528","5361688576","5213212672"
"1789630210909","4407574528","5361688576","5213245440"
"1789630211115","4407574528","5361688576","5213245440"
"1789630211322","4407574528","5361688576","5213245440"
"1789630211526","4407574528","5361688576","5213368320"
"1789630211741","4407648256","5361688576","5217988608"
"1789630211952","4407664640","5361688576","5218799616"
"1789630212161","4407664640","5361688576","5218799616"
"1789630212368","4407664640","5361688576","5218799616"
"1789630212587","4407664640","5361688576","5218799616"
"1789630212795","4407664640","5361688576","5218799616"
"1789630213002","4398661632","5361688576","5205901312"
"1789630213213","4398661632","5361688576","5205901312"
"1789630213421","4398661632","5361688576","5205901312"
"1789630213637","4398661632","5361688576","5205901312"
"1789630213887","4398706688","5361688576","5212786688"
"1789630214093","4398723072","5361688576","5212995584"
"1789630214304","4398723072","5361688576","5212995584"
"1789630214511","4398723072","5361688576","5212995584"
"1789630214722","4398723072","5361688576","5212995584"
"1789630214978","4398620672","5361688576","5215051776"
"1789630215193","4398878720","5361688576","5215313920"
"1789630215415","4398878720","5361688576","5215313920"
"1789630215631","4399665152","5361688576","5216100352"
"1789630215843","4402286592","5361688576","5218721792"
"1789630216049","4395405312","5361688576","5198561280"
"1789630216275","4395405312","5361688576","5198561280"
"1789630216495","4395409408","5361688576","5198561280"
"1789630216705","4395413504","5361688576","5198561280"
"1789630216911","4399538176","5361688576","5202690048"
"1789630217165","4401086464","5361688576","5211217920"
"1789630217371","4401352704","5361688576","5211484160"
"1789630217572","4401352704","5361688576","5211484160"
"1789630217779","4401352704","5361688576","5211484160"
"1789630217992","4404051968","5361688576","5213945856"
"1789630218216","4398239744","5361688576","5199237120"
"1789630218438","4398505984","5361688576","5199507456"
"1789630218659","4399038464","5361688576","5200048128"
"1789630218878","4401565696","5361688576","5202489344"
"1789630219088","4406095872","5361688576","5207502848"
"1789630219306","4411420672","5361688576","5213880320"
"1789630219514","4439822336","5361688576","5220188160"
"1789630219737","4482695168","5361688576","5225549824"
"1789630219958","4524343296","5361688576","5231775744"
"1789630220171","4564246528","5361688576","5237194752"
"1789630220385","4600860672","5361688576","5243617280"
"1789630220596","4643708928","5361688576","5250887680"
"1789630220816","4683505664","5361688576","5258313728"
"1789630221026","4730511360","5361688576","5267308544"
"1789630221235","4839890944","5361688576","5290340352"
"1789630221441","4974026752","5361688576","5316694016"
"1789630221650","5048430592","5361688576","5337944064"
"1789630221861","5097627648","5361688576","5350952960"
"1789630222082","5100548096","5361688576","5354168320"
"1789630222287","5100548096","5361688576","5354168320"
"1789630222511","5100548096","5361688576","5354168320"
"1789630222719","5100675072","5361688576","5354295296"
"1789630222941","5100929024","5361688576","5354549248"
"1789630223149","5104910336","5361688576","5359509504"
"1789630223359","5121904640","5361688576","5378060288"
"1789630223565","5146693632","5361688576","5403631616"
"1789630223792","5169168384","5361688576","5427400704"
"1789630224002","5171757056","5361688576","5430321152"
"1789630224224","5173694464","5361688576","5432639488"
"1789630224432","5175873536","5361688576","5435432960"
"1789630224639","5178023936","5361688576","5437812736"
"1789630224849","5180760064","5361688576","5440417792"
"1789630225057","5200162816","5361688576","5459144704"
"1789630225268","5207216128","5361688576","5466214400"
"1789630225474","5208551424","5361688576","5467713536"
"1789630225683","5208817664","5361688576","5468000256"
"1789630225891","5209284608","5361688576","5468512256"
"1789630226099","5211160576","5361688576","5470683136"
"1789630226308","5218320384","5361688576","5480091648"
"1789630226516","5240856576","5361688576","5499248640"
"1789630226857","5266735104","5361688576","5522243584"
"1789630227066","5275148288","5361688576","5528764416"
"1789630227274","5275148288","5361688576","5528764416"
"1789630227482","5275148288","5361688576","5528764416"
"1789630227691","5279404032","5361688576","5533143040"
"1789630227899","5293776896","5361688576","5546405888"
"1789630228108","5320404992","5361688576","5569974272"
"1789630228315","5347880960","5361688576","5590650880"
"1789630228557","5372567552","5372567552","5612224512"
"1789630228773","5372567552","5372567552","5612224512"
"1789630228982","5378379776","5378379776","5618434048"
"1789630229191","5378379776","5378379776","5618434048"
"1789630229398","5378560000","5378560000","5618434048"
"1789630229608","5380399104","5380399104","5620686848"
"1789630229815","5382578176","5382578176","5623074816"
"1789630230024","5391941632","5391941632","5632827392"
"1789630230239","5408804864","5408804864","5650489344"
"1789630230459","5415424000","5415424000","5657079808"
"1789630230666","5416501248","5416501248","5658177536"
"1789630230872","5416501248","5416501248","5658177536"
"1789630231081","5416501248","5416501248","5658177536"
"1789630231290","5416857600","5416857600","5658624000"
"1789630231510","5429972992","5429972992","5672366080"
"1789630231738","5433094144","5433094144","5675556864"
"1789630231959","5439434752","5439434752","5682294784"
"1789630232168","5457260544","5457260544","5701115904"
"1789630232385","5483225088","5483225088","5727940608"
"1789630232965","5486673920","5486673920","5731880960"
"1789630233175","5488955392","5488955392","5734244352"
"1789630233382","5488955392","5488955392","5734244352"
"1789630233590","5488955392","5488955392","5734244352"
"1789630233799","5490708480","5490708480","5735358464"
"1789630234011","5491908608","5491908608","5737082880"
"1789630234227","5492195328","5492195328","5737082880"
"1789630234647","5492482048","5492482048","5737668608"
"1789630234857","5492482048","5492482048","5737668608"
"1789630235098","5492482048","5492482048","5737668608"
"1789630235313","5492482048","5492482048","5737668608"
"1789630235529","5492482048","5492482048","5737668608"
"1789630235747","5492482048","5492482048","5737668608"
"1789630235962","5492482048","5492482048","5737668608"
"1789630236179","5493817344","5493817344","5738897408"
"1789630236408","5493817344","5493817344","5738897408"
"1789630236621","5493817344","5493817344","5738897408"
"1789630236837","5494030336","5494030336","5738897408"
"1789630237049","5494620160","5494620160","5739499520"
"1789630237260","5495013376","5495013376","5740113920"
"1789630237471","5495336960","5495336960","5740113920"
"1789630237690","5495762944","5495762944","5740728320"
"1789630237911","5496455168","5496455168","5741350912"
"1789630238131","5496848384","5496848384","5741973504"
"1789630238344","5497171968","5497171968","5742620672"
"1789630238565","5497868288","5497868288","5743276032"
"1789630238772","5501804544","5501804544","5747531776"
"1789630239161","5503938560","5503938560","5749510144"
"1789630239366","5504212992","5504212992","5749784576"
"1789630239576","5504696320","5504696320","5750480896"
"1789630239786","5505392640","5505392640","5751185408"
"1789630239994","5505859584","5505859584","5751185408"
"1789630240203","5506146304","5506146304","5751910400"
"1789630240420","5506842624","5506842624","5752639488"
"1789630240636","5507166208","5507166208","5752639488"
"1789630240844","5507596288","5507596288","5753368576"
"1789630241051","5508292608","5508292608","5754114048"
"1789630241259","5508685824","5508685824","5754912768"
"1789630241461","5509115904","5509115904","5754912768"
"1789630241685","5509812224","5509812224","5755711488"
"1789630241912","5510242304","5510242304","5756522496"
"1789630242131","5510672384","5510672384","5756522496"
"1789630242380","5511569408","5511569408","5757984768"
"1789630242597","5513175040","5513175040","5759631360"
"1789630242817","5513179136","5513179136","5759631360"
"1789630243033","5513179136","5513179136","5759631360"
"1789630243247","5513179136","5513179136","5759631360"
"1789630243468","5513179136","5513179136","5759631360"
"1789630243681","5513179136","5513179136","5759631360"
"1789630243900","5513179136","5513179136","5759631360"
"1789630244106","5515452416","5515452416","5761552384"
"1789630244322","5519396864","5519396864","5765394432"
"1789630244535","5522997248","5522997248","5768687616"
"1789630244749","5527736320","5527736320","5773647872"
"1789630244964","5532037120","5532037120","5778534400"
"1789630245174","5537472512","5537472512","5783703552"
"1789630245385","5544968192","5544968192","5791494144"
"1789630245610","5549694976","5549694976","5797085184"
"1789630245881","5551116288","5551116288","5798350848"
"1789630246094","5552459776","5552459776","5799723008"
"1789630246311","5552459776","5552459776","5799723008"
"1789630246527","5552459776","5552459776","5799723008"
"1789630246735","5552566272","5552566272","5799723008"
"1789630246953","5552852992","5552852992","5799723008"
"1789630247180","5553405952","5553405952","5800706048"
"1789630247395","5553692672","5553692672","5800706048"
"1789630247617","5553872896","5553872896","5800706048"
"1789630247818","5554122752","5554122752","5800706048"
"1789630248018","5554421760","5554421760","5800706048"
"1789630248235","5555011584","5555011584","5801070592"
"1789630248451","5555335168","5555335168","5801406464"
"1789630248672","5555765248","5555765248","5801897984"
"1789630248885","5556121600","5556121600","5802278912"
"1789630249100","5556822016","5556822016","5803061248"
"1789630249301","5557145600","5557145600","5803397120"
"1789630249523","5557538816","5557538816","5803855872"
"1789630249751","5560524800","5560524800","5806981120"
"1789630249973","5563699200","5563699200","5810274304"
"1789630250182","5575622656","5575622656","5822803968"
"1789630250452","5577510912","5577510912","5824520192"
"1789630250660","5576732672","5577736192","5824794624"
"1789630250874","5577302016","5577736192","5825388544"
"1789630251088","5584560128","5584560128","5832794112"
"1789630251298","5605294080","5605294080","5854330880"
"1789630251513","5631893504","5631893504","5882077184"
"1789630251728","5639692288","5639692288","5890207744"
"1789630251935","5640491008","5640491008","5891031040"
"1789630252145","5641732096","5641732096","5892390912"
"1789630252355","5643534336","5643534336","5894348800"
"1789630252564","5654540288","5654540288","5905788928"
"1789630252780","5667696640","5671858176","5926187008"
"1789630252997","5639208960","5671858176","5936459776"
"1789630253218","5639254016","5671858176","5937557504"
"1789630253431","5639266304","5671858176","5937557504"
"1789630253643","5639274496","5671858176","5937557504"
"1789630253868","5639405568","5671858176","5937557504"
"1789630254083","5639417856","5671858176","5937557504"
"1789630254302","5639729152","5671858176","5937831936"
"1789630254506","5640998912","5671858176","5939154944"
"1789630254714","5641895936","5671858176","5940121600"
"1789630254937","5642719232","5671858176","5940944896"
"1789630255148","5643186176","5671858176","5941403648"
"1789630255356","5653053440","5671858176","5951504384"
"1789630255573","5660540928","5671858176","5959204864"
"1789630255782","5662982144","5671858176","5960916992"
"1789630256008","5664161792","5671858176","5960929280"
"1789630256229","5674721280","5674721280","5960941568"
"1789630256441","5675237376","5675237376","5960941568"
"1789630256649","5675716608","5675716608","5960941568"
"1789630256858","5676929024","5676929024","5960941568"
"1789630257079","5676929024","5676929024","5960941568"
"1789630257301","5676941312","5676941312","5960941568"
"1789630257521","5676961792","5676961792","5960941568"
"1789630257749","5676961792","5676961792","5960941568"
"1789630257972","5682286592","5682286592","5964128256"
"1789630258185","5682552832","5682552832","5964169216"
"1789630258395","5682614272","5682614272","5964169216"
"1789630258602","5702553600","5702553600","5964472320"
"1789630258810","5706080256","5706080256","5968039936"
"1789630259020","5706887168","5706887168","5968863232"
"1789630259228","5706907648","5706907648","5968863232"
"1789630259447","5678669824","5707051008","5935878144"
"1789630259672","5481676800","5707051008","5729128448"
"1789630259875","5130993664","5707051008","5390594048"
"1789630260085","5131468800","5707051008","5391462400"
"1789630260300","5076779008","5707051008","5327122432"
"1789630260509","5076779008","5707051008","5327122432"
"1789630260717","5076779008","5707051008","5327122432"
"1789630260932","5077483520","5707051008","5328678912"
"1789630261137","5077483520","5707051008","5328678912"
"1789630261348","5077569536","5707051008","5328764928"
"1789630261559","5077569536","5707051008","5328764928"
"1789630261781","5077569536","5707051008","5330485248"
"1789630261984","5077569536","5707051008","5330485248"
"1789630262188","5077577728","5707051008","5330485248"
"1789630262394","5077577728","5707051008","5330485248"
"1789630262613","5077577728","5707051008","5330485248"
"1789630262881","5077630976","5707051008","5331984384"
"1789630263098","5077630976","5707051008","5332271104"
"1789630263299","5077655552","5707051008","5332295680"
"1789630263513","5077716992","5707051008","5332357120"
"1789630263716","5077753856","5707051008","5338451968"
"1789630263935","5077753856","5707051008","5338451968"
"1789630264145","5077753856","5707051008","5338451968"
"1789630264364","5077753856","5707051008","5338451968"
"1789630264571","5068574720","5707051008","5317468160"
"1789630264780","5068574720","5707051008","5317468160"
"1789630264993","5068836864","5707051008","5317730304"
"1789630265207","5068902400","5707051008","5317795840"
"1789630265428","5069099008","5707051008","5317992448"
"1789630265645","5069426688","5707051008","5318320128"
"1789630265848","5073817600","5707051008","5322711040"
"1789630266061","5081546752","5707051008","5330444288"
"1789630266265","5088497664","5707051008","5337391104"
"1789630266465","5097222144","5707051008","5346152448"
"1789630266675","5109485568","5707051008","5358460928"
"1789630266888","5119610880","5707051008","5369417728"
"1789630267094","5133832192","5707051008","5384642560"
"1789630267411","5152198656","5707051008","5400285184"
"1789630267621","5155041280","5707051008","5400813568"
"1789630267832","5155577856","5707051008","5401616384"
"1789630268045","5155577856","5707051008","5401616384"
"1789630268248","5155577856","5707051008","5401616384"
"1789630268464","5155577856","5707051008","5401616384"
"1789630268677","5155774464","5707051008","5401817088"
"1789630268884","5156974592","5707051008","5403570176"
"1789630269100","5162070016","5707051008","5411020800"
"1789630269307","5169651712","5707051008","5422915584"
"1789630269522","5179482112","5707051008","5438304256"
"1789630269725","5195010048","5707051008","5452218368"
"1789630269938","5210554368","5707051008","5469040640"
"1789630270160","5214326784","5707051008","5473525760"
"1789630270370","5216452608","5707051008","5476728832"
"1789630270582","5216452608","5707051008","5476728832"
"1789630270795","5216452608","5707051008","5476728832"
"1789630271007","5216579584","5707051008","5476855808"
"1789630271227","5216706560","5707051008","5476982784"
"1789630271433","5216833536","5707051008","5477109760"
"1789630271637","5216960512","5707051008","5477236736"
"1789630271851","5217222656","5707051008","5477236736"
"1789630272060","5223587840","5707051008","5487357952"
"1789630272263","5231161344","5707051008","5495136256"
"1789630272477","5240868864","5707051008","5504720896"
"1789630272686","5251796992","5707051008","5515169792"
"1789630272898","5263745024","5707051008","5525467136"
"1789630273108","5274865664","5707051008","5536043008"
"1789630273327","5285793792","5707051008","5546897408"
"1789630273533","5292040192","5707051008","5550821376"
"1789630273752","5299396608","5707051008","5552820224"
"1789630273960","5300199424","5707051008","5554163712"
"1789630274169","5300199424","5707051008","5554163712"
"1789630274376","5301059584","5707051008","5555286016"
"1789630274588","5302435840","5707051008","5557137408"
"1789630274803","5304020992","5707051008","5559287808"
"1789630275010","5305262080","5707051008","5560954880"
"1789630275218","5306273792","5707051008","5562396672"
"1789630275422","5307596800","5707051008","5564067840"
"1789630275659","5316169728","5707051008","5568364544"
"1789630275870","5319151616","5707051008","5570416640"
"1789630276083","5319954432","5707051008","5571088384"
"1789630276293","5319954432","5707051008","5571088384"
"1789630276504","5319954432","5707051008","5571088384"
"1789630276704","5319954432","5707051008","5571088384"
"1789630276924","5320380416","5707051008","5571592192"
"1789630277145","5321490432","5707051008","5572939776"
"1789630277353","5322817536","5707051008","5574610944"
"1789630277561","5324283904","5707051008","5576359936"
"1789630277768","5333049344","5707051008","5586784256"
"1789630277978","5350326272","5707051008","5603651584"
"1789630278187","5351362560","5707051008","5604425728"
"1789630278396","5353762816","5707051008","5607407616"
"1789630278611","5354426368","5707051008","5608292352"
"1789630278818","5356015616","5707051008","5610102784"
"1789630279026","5357543424","5707051008","5611593728"
"1789630279234","5359128576","5707051008","5613326336"
"1789630279442","5360873472","5707051008","5615362048"
"1789630279654","5361655808","5707051008","5615980544"
"1789630279863","5363523584","5707051008","5618966528"
"1789630280080","5363523584","5707051008","5618966528"
"1789630280310","5364416512","5707051008","5620072448"
"1789630280526","5365956608","5707051008","5621796864"
"1789630280734","5367611392","5707051008","5622878208"
"1789630280947","5370376192","5707051008","5626298368"
"1789630281168","5379272704","5707051008","5636673536"
"1789630281380","5381914624","5707051008","5639884800"
"1789630281599","5381914624","5707051008","5639884800"
"1789630281804","5381984256","5707051008","5639884800"
"1789630282011","5382836224","5707051008","5640491008"
"1789630282216","5391527936","5707051008","5650092032"
"1789630282426","5410414592","5707051008","5663780864"
"1789630282635","5431803904","5707051008","5682122752"
"1789630282843","5441425408","5707051008","5692616704"
"1789630283051","5443805184","5707051008","5694382080"
"1789630283258","5443805184","5707051008","5694382080"
"1789630283467","5443805184","5707051008","5694382080"
"1789630283674","5444341760","5707051008","5694857216"
"1789630283883","5451628544","5707051008","5702987776"
"1789630284092","5473042432","5707051008","5719257088"
"1789630284300","5497909248","5707051008","5738479616"
"1789630284513","5502021632","5707051008","5742809088"
"1789630284719","5505748992","5707051008","5745364992"
"1789630284925","5505748992","5707051008","5745364992"
"1789630285133","5506805760","5707051008","5747052544"
"1789630285340","5508362240","5707051008","5748842496"
"1789630285550","5509984256","5707051008","5750079488"
"1789630285759","5516177408","5707051008","5756162048"
"1789630285983","5534711808","5707051008","5775917056"
"1789630286193","5537845248","5707051008","5779423232"
"1789630286401","5538648064","5707051008","5780246528"
"1789630286609","5538648064","5707051008","5780246528"
"1789630286816","5539291136","5707051008","5780971520"
"1789630287025","5540921344","5707051008","5782433792"
"1789630287242","5544026112","5707051008","5785821184"
"1789630287450","5561917440","5707051008","5805056000"
"1789630287664","5574455296","5707051008","5818335232"
"1789630287874","5578432512","5707051008","5822230528"
"1789630288084","5578432512","5707051008","5822230528"
"1789630288300","5578432512","5707051008","5822230528"
"1789630288516","5584285696","5707051008","5828349952"
"1789630288732","5603516416","5707051008","5847535616"
"1789630288946","5629788160","5707051008","5874978816"
"1789630289182","5650305024","5707051008","5896912896"
"1789630289392","5652316160","5707051008","5899005952"
"1789630289610","5652848640","5707051008","5899554816"
"1789630289827","5653725184","5707051008","5899554816"
"1789630290034","5655314432","5707051008","5901250560"
"1789630290238","5657014272","5707051008","5903101952"
"1789630290457","5660573696","5707051008","5906907136"
"1789630290665","5680459776","5707051008","5927596032"
"1789630290869","5688279040","5707051008","5935792128"
"1789630291080","5691035648","5707051008","5938618368"
"1789630291300","5691035648","5707051008","5938618368"
"1789630291512","5691035648","5707051008","5938618368"
"1789630291724","5695332352","5707051008","5943009280"
"1789630291932","5710188544","5710188544","5958430720"
"1789630292149","5733724160","5733724160","5983039488"
"1789630292358","5737500672","5737500672","5986947072"
"1789630292572","5740580864","5740580864","5990055936"
"1789630292790","5740658688","5740658688","5990133760"
"1789630292998","5742288896","5742288896","5991886848"
"1789630293206","5743849472","5743849472","5993582592"
"1789630293416","5745369088","5745369088","5995233280"
"1789630293625","5750128640","5750128640","6000234496"
"1789630293843","5756997632","5756997632","6007418880"
"1789630294057","5760188416","5760188416","6010695680"
"1789630294268","5760188416","5760188416","6010695680"
"1789630294479","5760188416","5760188416","6010695680"
"1789630294690","5760188416","5760188416","6010695680"
"1789630294908","5760196608","5760196608","6010695680"
"1789630295120","5760196608","5760196608","6010695680"
"1789630295485","5764345856","5764345856","6014279680"
"1789630295696","5764472832","5764472832","6014279680"
"1789630295905","5765160960","5765160960","6014898176"
"1789630296113","5766791168","5766791168","6016573440"
"1789630296316","5770784768","5770784768","6020698112"
"1789630296522","5770788864","5770788864","6020730880"
"1789630296748","5770788864","5770788864","6020792320"
"1789630296959","5770829824","5770829824","6021292032"
"1789630297174","5579030528","5770829824","5800349696"
"1789630297384","5225017344","5770829824","5463318528"
"1789630297594","5168488448","5770829824","5383782400"
"1789630297800","5106475008","5770829824","5326675968"
"1789630298011","5106475008","5770829824","5327376384"
"1789630298215","5105410048","5770829824","5326921728"
"1789630298431","5105410048","5770829824","5326921728"
"1789630298640","5105410048","5770829824","5328752640"
"1789630298903","5105573888","5770829824","5328941056"
"1789630299108","5105573888","5770829824","5333831680"
"1789630299315","5105573888","5770829824","5333831680"
"1789630299524","5093793792","5770829824","5304848384"
"1789630299730","5093797888","5770829824","5304848384"
"1789630299941","5097562112","5770829824","5308608512"
"1789630300148","5097562112","5770829824","5308608512"
"1789630300356","5097562112","5770829824","5308608512"
"1789630300574","5097562112","5770829824","5308608512"
"1789630300783","5111652352","5770829824","5322702848"
"1789630300998","5128888320","5770829824","5339828224"
"1789630301207","5146349568","5770829824","5358231552"
"1789630301414","5166665728","5770829824","5382492160"
"1789630301623","5189439488","5770829824","5411381248"
"1789630301934","5196406784","5770829824","5420412928"
"1789630302143","5200404480","5770829824","5426434048"
"1789630302352","5200404480","5770829824","5426434048"
"1789630302567","5200404480","5770829824","5426434048"
"1789630302773","5200404480","5770829824","5426434048"
"1789630302979","5200404480","5770829824","5426434048"
"1789630303198","5211049984","5770829824","5442850816"
"1789630303402","5221167104","5770829824","5460217856"
"1789630303621","5234917376","5770829824","5473103872"
"1789630303831","5254426624","5770829824","5490937856"
"1789630304039","5274484736","5770829824","5507231744"
"1789630304331","5290426368","5770829824","5518876672"
"1789630304551","5290565632","5770829824","5518950400"
"1789630304757","5292638208","5770829824","5521424384"
"1789630304969","5292638208","5770829824","5521424384"
"1789630305194","5292638208","5770829824","5521424384"
"1789630305402","5292638208","5770829824","5521424384"
"1789630305615","5292638208","5770829824","5521424384"
"1789630305881","5293039616","5770829824","5553025024"
"1789630306217","5295943680","5770829824","5553053696"
"1789630306422","4844834816","5770829824","5103067136"
"1789630306634","3668000768","5770829824","3974606848"
"1789630306843","3102216192","5770829824","3327873024"
"1789630307057","3095646208","5770829824","3328954368"
"1789630307267","3076620288","5770829824","3306119168"
"1789630307492","2526707712","5770829824","2726215680"
"1789630307697","2539409408","5770829824","2740105216"
"1789630307906","2551914496","5770829824","2756100096"
"1789630308112","2564943872","5770829824","2770661376"
"1789630308367","2573799424","5770829824","2772795392"
"1789630308615","2581164032","5770829824","2781581312"
"1789630308831","2594689024","5770829824","2798817280"
"1789630309116","2603307008","5770829824","2806792192"
"1789630309328","2621698048","5770829824","2820825088"
"1789630309557","2653491200","5770829824","2848141312"
"1789630309765","2654367744","5770829824","2845143040"
"1789630309973","2660204544","5770829824","2851094528"
"1789630310182","2639798272","5770829824","2822557696"
"1789630310424","2648989696","5770829824","2831990784"
"1789630310648","2650968064","5770829824","2834894848"
"1789630310856","2656907264","5770829824","2841243648"
"1789630311064","2665754624","5770829824","2850000896"
"1789630311271","2677207040","5770829824","2862551040"
"1789630311482","2696192000","5770829824","2881744896"
"1789630311689","2660286464","5770829824","2855575552"
"1789630311950","2668716032","5770829824","3293650944"
"1789630312156","2737192960","5770829824","3303682048"
"1789630312381","2829168640","5770829824","3304386560"
"1789630312586","2921340928","5770829824","3305824256"
"1789630312790","3007578112","5770829824","3308953600"
"1789630312996","3101556736","5770829824","3312463872"
"1789630313201","3102179328","5770829824","3312537600"
"1789630313405","3103137792","5770829824","3313238016"
"1789630313613","3110748160","5770829824","3321643008"
"1789630313821","3127148544","5770829824","3337334784"
"1789630314033","3132801024","5770829824","3342512128"
"1789630314256","3133042688","5770829824","3342512128"
"1789630314464","3133530112","5770829824","3343179776"
"1789630314674","3146551296","5770829824","3356655616"
"1789630314881","3158831104","5770829824","3368837120"
"1789630315090","3171540992","5770829824","3382558720"
"1789630315298","3174191104","5770829824","3385163776"
"1789630315509","3176144896","5770829824","3386515456"
"1789630315717","3176136704","5770829824","3386515456"
"1789630315922","3176939520","5770829824","3387547648"
"1789630316129","3178123264","5770829824","3388739584"
"1789630316338","3193462784","5770829824","3403558912"
"1789630316669","3204341760","5770829824","3415019520"
"1789630316878","3263512576","5770829824","3531694080"
"1789630317083","3316465664","5770829824","3531694080"
"1789630317288","3316576256","5770829824","3531694080"
"1789630317497","3316748288","5770829824","3531694080"
"1789630317705","3316789248","5770829824","3531694080"
"1789630318060","3327741952","5770829824","3542818816"
"1789630318272","3328188416","5770829824","3543695360"
"1789630318480","3328188416","5770829824","3543695360"
"1789630318688","3328143360","5770829824","3543695360"
"1789630318896","3328495616","5770829824","3543883776"
"1789630319105","3328794624","5770829824","3544104960"
"1789630319312","3340054528","5770829824","3555598336"
"1789630319524","3341369344","5770829824","3557376000"
"1789630319738","3341369344","5770829824","3557376000"
"1789630319942","3341369344","5770829824","3557376000"
"1789630320146","3341365248","5770829824","3557376000"
"1789630320362","3341647872","5770829824","3557376000"
"1789630320572","3350130688","5770829824","3565494272"
"1789630320780","3355336704","5770829824","3571052544"
"1789630320988","3355602944","5770829824","3571052544"
"1789630321196","3355602944","5770829824","3571052544"
"1789630321404","3355574272","5770829824","3571052544"
"1789630321613","3357925376","5770829824","3573231616"
"1789630321945","3370131456","5770829824","3713830912"
"1789630322155","3424772096","5770829824","3713830912"
"1789630322362","3494502400","5770829824","3713830912"
"1789630322571","3494522880","5770829824","3713830912"
"1789630322780","3494965248","5770829824","3714146304"
"1789630322988","3500797952","5770829824","3720323072"
"1789630323194","3511271424","5770829824","3730309120"
"1789630323415","3512352768","5770829824","3731324928"
"1789630323622","3512897536","5770829824","3732340736"
"1789630323829","3512897536","5770829824","3732340736"
"1789630324039","3513196544","5770829824","3732340736"
"1789630324244","3513532416","5770829824","3732340736"
"1789630324454","3514036224","5770829824","3732815872"
"1789630324663","3517595648","5770829824","3736858624"
"1789630324904","3521466368","5770829824","3739926528"
"1789630325110","3521564672","5770829824","3739951104"
"1789630325316","3522203648","5770829824","3740459008"
"1789630325524","3522674688","5770829824","3741483008"
"1789630325724","3523956736","5770829824","3742629888"
"1789630325947","3534712832","5770829824","3753537536"
"1789630326230","3535319040","5770829824","3754176512"
"1789630326433","3535319040","5770829824","3754176512"
"1789630326651","3535527936","5770829824","3754176512"
"1789630326859","3541680128","5770829824","3760750592"
"1789630327070","3563294720","5770829824","3928481792"
"1789630327279","3648557056","5770829824","3928481792"
"1789630327486","3703672832","5770829824","3928481792"
"1789630327694","3703652352","5770829824","3928481792"
"1789630327897","3712503808","5770829824","3938258944"
"1789630328155","3725840384","5770829824","3952087040"
"1789630328366","3725910016","5770829824","3952164864"
"1789630328570","3726413824","5770829824","3952885760"
"1789630328779","3727970304","5770829824","3954331648"
"1789630328987","3729416192","5770829824","3955830784"
"1789630329194","3730968576","5770829824","3957374976"
"1789630329422","3733131264","5770829824","3960283136"
"1789630329629","3733716992","5770829824","3960360960"
"1789630329836","3734937600","5770829824","3961966592"
"1789630330044","3735711744","5770829824","3962851328"
"1789630330253","3736223744","5770829824","3963777024"
"1789630330460","3740487680","5770829824","3967750144"
"1789630330672","3741302784","5770829824","3968634880"
"1789630330896","3741302784","5770829824","3968634880"
"1789630331104","3741544448","5770829824","3969601536"
"1789630331311","3742953472","5770829824","3970568192"
"1789630331520","3743838208","5770829824","3971833856"
"1789630331731","3750359040","5770829824","4159455232"
"1789630331937","3819241472","5770829824","4159774720"
"1789630332144","3909304320","5770829824","4160778240"
"1789630332354","3928113152","5770829824","4162076672"
"1789630332562","3932803072","5770829824","4167127040"
"1789630332770","3947200512","5770829824","4182122496"
"1789630332978","3950768128","5770829824","4185808896"
"1789630333186","3950768128","5770829824","4185808896"
"1789630333403","3950768128","5770829824","4185808896"
"1789630333610","3951661056","5770829824","4186755072"
"1789630333833","3963600896","5770829824","4199202816"
"1789630334045","3963940864","5770829824","4199567360"
"1789630334253","3963940864","5770829824","4199567360"
"1789630334461","3964567552","5770829824","4200255488"
"1789630334669","3970678784","5770829824","4206645248"
"1789630334878","3975245824","5770829824","4211478528"
"1789630335086","3975245824","5770829824","4211478528"
"1789630335295","3975495680","5770829824","4211724288"
"1789630335502","3977908224","5770829824","4214337536"
"1789630335711","3983122432","5770829824","4219863040"
"1789630335919","3983392768","5770829824","4220149760"
"1789630336128","3984187392","5770829824","4221022208"
"1789630336335","3986022400","5770829824","4222959616"
"1789630336547","4005183488","5770829824","4325318656"
"1789630336752","4084862976","5770829824","4325318656"
"1789630336960","4085469184","5770829824","4325945344"
"1789630337170","4093435904","5770829824","4334350336"
"1789630337381","4100255744","5770829824","4341456896"
"1789630337585","4100595712","5770829824","4341821440"
"1789630337793","4102004736","5770829824","4343365632"
"1789630338002","4103704576","5770829824","4345184256"
"1789630338244","4106743808","5770829824","4348325888"
"1789630338460","4106883072","5770829824","4348325888"
"1789630338670","4107874304","5770829824","4349124608"
"1789630338877","4112875520","5770829824","4354072576"
"1789630339087","4119568384","5770829824","4360937472"
"1789630339295","4119568384","5770829824","4360937472"
"1789630339503","4120371200","5770829824","4361760768"
"1789630339758","4130197504","5770829824","4456435712"
"1789630339970","4212600832","5770829824","4457295872"
"1789630340178","4213116928","5770829824","4457861120"
"1789630340385","4221095936","5770829824","4466335744"
"1789630340593","4224548864","5770829824","4469944320"
"1789630340798","4224835584","5770829824","4470235136"
"1789630341010","4226576384","5770829824","4472160256"
"1789630341223","4230508544","5770829824","4476317696"
"1789630341435","4230508544","5770829824","4476317696"
"1789630341642","4235046912","5770829824","4481007616"
"1789630341851","4239593472","5770829824","4485836800"
"1789630342060","4240166912","5770829824","4486463488"
"1789630342269","4241788928","5770829824","4488245248"
"1789630342486","4268240896","5770829824","4577148928"
"1789630342701","4329132032","5770829824","4578721792"
"1789630342907","4330688512","5770829824","4580417536"
"1789630343121","4336861184","5770829824","4586708992"
"1789630343328","4336861184","5770829824","4586708992"
"1789630343542","4337205248","5770829824","4587089920"
"1789630343758","4345356288","5770829824","4595720192"
"1789630343967","4345823232","5770829824","4596219904"
"1789630344172","4347510784","5770829824","4598009856"
"1789630344397","4349194240","5770829824","4599689216"
"1789630344613","4349194240","5770829824","4599689216"
"1789630344818","4352253952","5770829824","4602847232"
"1789630345026","4396122112","5770829824","4691644416"
"1789630345234","4438466560","5770829824","4692193280"
"1789630345440","4448743424","5770829824","4703023104"
"1789630345651","4452028416","5770829824","4706476032"
"1789630345868","4454301696","5770829824","4708511744"
"1789630346078","4462403584","5770829824","4716961792"
"1789630346284","4462678016","5770829824","4717268992"
"1789630346493","4464267264","5770829824","4718960640"
"1789630346700","4465295360","5770829824","4720017408"
"1789630346919","4465729536","5770829824","4720488448"
"1789630347171","4470407168","5770829824","4770119680"
"1789630347376","4513992704","5770829824","4770394112"
"1789630347585","4515819520","5770829824","4772335616"
"1789630347793","4519886848","5770829824","4776656896"
"1789630348001","4521082880","5770829824","4777930752"
"1789630348209","4522541056","5770829824","4779479040"
"1789630348436","4522577920","5770829824","4779524096"
"1789630348651","4522577920","5770829824","4779524096"
"1789630348859","4522721280","5770829824","4779692032"
"1789630349067","4523114496","5770829824","4780105728"
"1789630349275","4523438080","5770829824","4780486656"
"1789630349491","4524097536","5770829824","4781178880"
"1789630349713","4524924928","5770829824","4782043136"
"1789630349927","4524924928","5770829824","4782043136"
"1789630350137","4524924928","5770829824","4782043136"
"1789630350349","4524924928","5770829824","4782043136"
"1789630350568","4525375488","5770829824","4782530560"
"1789630350790","4525965312","5770829824","4783140864"
"1789630350995","4529664000","5770829824","4786982912"
"1789630351204","4530167808","5770829824","4787539968"
"1789630351434","4530597888","5770829824","4788002816"
"1789630351652","4531023872","5770829824","4788461568"
"1789630351861","4531867648","5770829824","4789362688"
"1789630352135","4532367360","5770829824","4789899264"
"1789630352344","4532367360","5770829824","4789899264"
"1789630352556","4532477952","5770829824","4790038528"
"1789630352764","4533174272","5770829824","4790771712"
"1789630352973","4534947840","5770829824","4792668160"
"1789630353194","4537192448","5770829824","4795031552"
"1789630353408","4537192448","5770829824","4795031552"
"1789630353628","4537192448","5770829824","4795031552"
"1789630353839","4538003456","5770829824","4795891712"
"1789630354088","4542353408","5770829824","4800397312"
"1789630354303","4542959616","5770829824","4801024000"
"1789630354525","4542959616","5770829824","4801024000"
"1789630354736","4543688704","5770829824","4801798144"
"1789630354959","4546031616","5770829824","4804251648"
"1789630355175","4546031616","5770829824","4804251648"
"1789630355386","4546105344","5770829824","4804341760"
"1789630355595","4546498560","5770829824","4804755456"
"1789630355810","4547604480","5770829824","4805935104"
"1789630356019","4549406720","5770829824","4807790592"
"1789630356227","4549406720","5770829824","4807790592"
"1789630356437","4549406720","5770829824","4807790592"
"1789630356645","4549836800","5770829824","4808249344"
"1789630356862","4553818112","5770829824","4812300288"
"1789630357083","4554231808","5770829824","4812587008"
"1789630357294","4554231808","5770829824","4812587008"
"1789630357513","4554498048","5770829824","4812861440"
"1789630357728","4555460608","5770829824","4813873152"
"1789630357988","4559532032","5770829824","4847755264"
"1789630358203","4588421120","5770829824","4848001024"
"1789630358412","4589154304","5770829824","4848779264"
"1789630358615","4589584384","5770829824","4849283072"
"1789630358822","4589907968","5770829824","4849623040"
"1789630359030","4591448064","5770829824","4851200000"
"1789630359242","4591448064","5770829824","4851200000"
"1789630359443","4591448064","5770829824","4851200000"
"1789630359653","4592095232","5770829824","4851884032"
"1789630359922","4595941376","5770829824","4855877632"
"1789630360135","4595941376","5770829824","4855877632"
"1789630360345","4596047872","5770829824","4856000512"
"1789630360561","4596514816","5770829824","4856520704"
"1789630360768","4597219328","5770829824","4857307136"
"1789630360972","4599873536","5770829824","4860067840"
"1789630361186","4599877632","5770829824","4860067840"
"1789630361394","4600283136","5770829824","4860522496"
"1789630361598","4602990592","5770829824","4863401984"
"1789630361802","4604801024","5770829824","4865302528"
"1789630362009","4604801024","5770829824","4865302528"
"1789630362221","4605460480","5770829824","4865994752"
"1789630362430","4608401408","5770829824","4869103616"
"1789630362644","4609343488","5770829824","4870094848"
"1789630362857","4609417216","5770829824","4870184960"
"1789630363073","4610220032","5770829824","4871041024"
"1789630363354","4613918720","5770829824","4874969088"
"1789630363571","4614529024","5770829824","4875608064"
"1789630363774","4614529024","5770829824","4875608064"
"1789630363986","4615806976","5770829824","4876959744"
"1789630364214","4619218944","5770829824","4880306176"
"1789630364431","4632477696","5770829824","4880306176"
"1789630364637","4633726976","5770829824","4881084416"
"1789630364843","4637491200","5770829824","4882333696"
"1789630365066","4664705024","5770829824","4920147968"
"1789630365283","4674732032","5770829824","4920422400"
"1789630365493","4675735552","5770829824","4921495552"
"1789630365736","4676407296","5770829824","4922134528"
"1789630365955","4679868416","5770829824","4925706240"
"1789630366445","4689158144","5770829824","5598629888"
"1789630366651","4732227584","5770829824","5603778560"
"1789630366870","4828061696","5770829824","5608968192"
"1789630367089","4834844672","5770829824","5615943680"
"1789630367295","4886679552","5770829824","5623246848"
"1789630367501","4936892416","5770829824","5626556416"
"1789630367747","4985942016","5770829824","5626564608"
"1789630367959","4986183680","5770829824","5626683392"
"1789630368166","4985229312","5770829824","5625667584"
"1789630368371","4766564352","5770829824","5389430784"
"1789630368612","4560437248","5770829824","5203685376"
"1789630368827","4536119296","5770829824","5183766528"
"1789630369040","4536119296","5770829824","5183766528"
"1789630369260","4536119296","5770829824","5183766528"
"1789630369505","4536119296","5770829824","5187686400"
"1789630369724","4536119296","5770829824","5187686400"
"1789630369929","4536119296","5770829824","5187686400"
"1789630370133","4536119296","5770829824","5187686400"
"1789630370405","4529201152","5770829824","5172662272"
"1789630370610","4529160192","5770829824","5173121024"
"1789630370824","4529164288","5770829824","5173121024"
"1789630371027","4529164288","5770829824","5173121024"
"1789630371235","4529164288","5770829824","5173121024"
"1789630371532","4529164288","5770829824","5177991168"
"1789630371744","4529164288","5770829824","5177991168"
"1789630371952","4529164288","5770829824","5177991168"
"1789630372164","4529164288","5770829824","5177991168"
"1789630372368","4529164288","5770829824","5177991168"
"1789630372582","4529164288","5770829824","5185351680"
"1789630372789","4529164288","5770829824","5185421312"
"1789630372996","4529164288","5770829824","5185421312"
"1789630373200","4529164288","5770829824","5185421312"
"1789630373407","4529164288","5770829824","5185421312"
"1789630373631","4529164288","5770829824","5185421312"
"1789630373848","4527112192","5770829824","5184937984"
"1789630374058","4527112192","5770829824","5184937984"
"1789630374274","4527112192","5770829824","5184937984"
"1789630374488","4527112192","5770829824","5184937984"
"1789630374695","4527112192","5770829824","5184937984"
"1789630374906","4527112192","5770829824","5184937984"
"1789630375115","4539826176","5770829824","5184937984"
"1789630375331","4576133120","5770829824","5184937984"
"1789630375536","4609556480","5770829824","5184937984"
"1789630375743","4639768576","5770829824","5184937984"
"1789630375948","4669259776","5770829824","5184937984"
"1789630376164","4701229056","5770829824","5184937984"
"1789630376371","4736958464","5770829824","5184937984"
"1789630376587","4784340992","5770829824","5184937984"
"1789630376791","4830347264","5770829824","5184937984"
"1789630376996","4931862528","5770829824","5184937984"
"1789630377200","4931993600","5770829824","5185069056"
"1789630377408","4932354048","5770829824","5185429504"
"1789630377629","4932706304","5770829824","5185871872"
"1789630377840","4932833280","5770829824","5185994752"
"1789630378043","4933324800","5770829824","5186490368"
"1789630378260","4934643712","5770829824","5187850240"
"1789630378463","4938383360","5770829824","5191614464"
"1789630378668","4948725760","5770829824","5204029440"
"1789630378876","4954587136","5770829824","5210820608"
"1789630379084","4955111424","5770829824","5211344896"
"1789630379293","4955111424","5770829824","5211344896"
"1789630379501","4956086272","5770829824","5212770304"
"1789630379713","4956930048","5770829824","5214212096"
"1789630379918","4957814784","5770829824","5215784960"
"1789630380124","4963401728","5770829824","5223100416"
"1789630380346","4974063616","5770829824","5235691520"
"1789630380553","4974940160","5770829824","5236576256"
"1789630380759","4974940160","5770829824","5236576256"
"1789630380964","4975845376","5770829824","5237731328"
"1789630381171","4977356800","5770829824","5239406592"
"1789630381375","4979146752","5770829824","5241585664"
"1789630381589","4981207040","5770829824","5243781120"
"1789630381803","4990386176","5770829824","5254266880"
"1789630382021","5000089600","5770829824","5265641472"
"1789630382239","5000970240","5770829824","5266722816"
"1789630382445","5001236480","5770829824","5266997248"
"1789630382652","5001236480","5770829824","5266997248"
"1789630382859","5001498624","5770829824","5266997248"
"1789630383067","5003296768","5770829824","5268434944"
"1789630383276","5005189120","5770829824","5270429696"
"1789630383487","5008953344","5770829824","5273608192"
"1789630383696","5015580672","5770829824","5280034816"
"1789630383910","5015662592","5770829824","5280112640"
"1789630384119","5016154112","5770829824","5280661504"
"1789630384336","5018066944","5770829824","5282828288"
"1789630384543","5020200960","5770829824","5285236736"
"1789630384754","5022420992","5770829824","5287886848"
"1789630384962","5024882688","5770829824","5290528768"
"1789630385186","5030182912","5770829824","5296128000"
"1789630385398","5031460864","5770829824","5297774592"
"1789630385603","5031464960","5770829824","5297831936"
"1789630385808","5031464960","5770829824","5297831936"
"1789630386019","5033078784","5770829824","5298991104"
"1789630386233","5034459136","5770829824","5300359168"
"1789630386440","5037391872","5770829824","5303488512"
"1789630386718","5050769408","5770829824","5316763648"
"1789630386926","5052551168","5770829824","5318828032"
"1789630387133","5052551168","5770829824","5318828032"
"1789630387348","5052817408","5770829824","5319172096"
"1789630387555","5054148608","5770829824","5320916992"
"1789630387762","5066153984","5770829824","5331419136"
"1789630387977","5083623424","5770829824","5348823040"
"1789630388187","5090959360","5770829824","5356462080"
"1789630388393","5092438016","5770829824","5357805568"
"1789630388599","5092438016","5770829824","5357805568"
"1789630388807","5092438016","5770829824","5357805568"
"1789630389020","5092438016","5770829824","5357805568"
"1789630389228","5094891520","5770829824","5360517120"
"1789630389436","5106016256","5770829824","5371375616"
"1789630389645","5122134016","5770829824","5387235328"
"1789630389854","5123428352","5770829824","5388300288"
"1789630390064","5124849664","5770829824","5389127680"
"1789630390273","5124980736","5770829824","5389127680"
"1789630390484","5126803456","5770829824","5391020032"
"1789630390701","5127651328","5770829824","5391794176"
"1789630390917","5127831552","5770829824","5391794176"
"1789630391128","5128257536","5770829824","5391794176"
"1789630391349","5128646656","5770829824","5392203776"
"1789630391571","5129375744","5770829824","5392621568"
"1789630391778","5129867264","5770829824","5393080320"
"1789630391983","5130366976","5770829824","5393539072"
"1789630392196","5131132928","5770829824","5394432000"
"1789630392415","5131739136","5770829824","5394857984"
"1789630392623","5133672448","5770829824","5396353024"
"1789630392839","5139136512","5770829824","5402202112"
"1789630393050","5143117824","5770829824","5405401088"
"1789630393416","5146406912","5770829824","5408092160"
"1789630393640","5147013120","5770829824","5408653312"
"1789630393861","5147013120","5770829824","5408653312"
"1789630394083","5147013120","5770829824","5408653312"
"1789630394288","5147013120","5770829824","5408653312"
"1789630394492","5147648000","5770829824","5409116160"
"1789630394702","5148114944","5770829824","5409599488"
"1789630394921","5148954624","5770829824","5410590720"
"1789630395125","5149671424","5770829824","5411090432"
"1789630395338","5150138368","5770829824","5411590144"
"1789630395558","5150937088","5770829824","5412618240"
"1789630395761","5151404032","5770829824","5413146624"
"1789630395970","5152133120","5770829824","5414211584"
"1789630396180","5152563200","5770829824","5414211584"
"1789630396392","5153767424","5770829824","5415313408"
"1789630396609","5156978688","5770829824","5417644032"
"1789630396985","5160759296","5770829824","5420134400"
"1789630397199","5161439232","5770829824","5420748800"
"1789630397407","5161439232","5770829824","5420748800"
"1789630397622","5161439232","5770829824","5420748800"
"1789630397841","5161439232","5770829824","5420748800"
"1789630398048","5161439232","5770829824","5420748800"
"1789630398259","5161439232","5770829824","5420748800"
"1789630398472","5161869312","5770829824","5421322240"
"1789630398691","5162704896","5770829824","5421895680"
"1789630398895","5162917888","5770829824","5421895680"
"1789630399106","5163651072","5770829824","5423095808"
"1789630399325","5164331008","5770829824","5423734784"
"1789630399548","5165580288","5770829824","5425029120"
"1789630399770","5169610752","5770829824","5429370880"
"1789630400150","5176221696","5770829824","5434408960"
"1789630400363","5176696832","5770829824","5434408960"
"1789630400585","5176696832","5770829824","5434408960"
"1789630400808","5176696832","5770829824","5434408960"
"1789630401015","5176696832","5770829824","5434408960"
"1789630401222","5176696832","5770829824","5434408960"
"1789630401431","5176696832","5770829824","5434408960"
"1789630401639","5177126912","5770829824","5435064320"
"1789630401858","5177966592","5770829824","5435719680"
"1789630402071","5179207680","5770829824","5437685760"
"1789630402281","5180989440","5770829824","5438980096"
"1789630402500","5183750144","5770829824","5441650688"
"1789630402706","5187936256","5770829824","5445689344"
"1789630402925","5191602176","5770829824","5449113600"
"1789630403145","5193232384","5770829824","5451157504"
"1789630403358","5194473472","5770829824","5451882496"
"1789630403590","5194473472","5770829824","5451882496"
"1789630403796","5194481664","5770829824","5451882496"
"1789630404004","5194481664","5770829824","5451882496"
"1789630404228","5194481664","5770829824","5451882496"
"1789630404733","5196382208","5770829824","5453721600"
"1789630404955","5196500992","5770829824","5453721600"
"1789630405175","5213818880","5770829824","5453750272"
"1789630405383","5213843456","5770829824","5453750272"
"1789630405603","5213896704","5770829824","5453783040"
"1789630405811","5213196288","5770829824","5457293312"
"1789630406017","5153566720","5770829824","5385502720"
"1789630406239","5153566720","5770829824","5385502720"
"1789630406446","5138087936","5770829824","5354487808"
"1789630406648","5063458816","5770829824","5275631616"
"1789630406859","5063458816","5770829824","5275631616"
"1789630407117","5063188480","5770829824","5275455488"
"1789630407336","5063188480","5770829824","5276225536"
"1789630407560","5063188480","5770829824","5276246016"
"1789630407781","5063188480","5770829824","5276246016"
"1789630408003","5063188480","5770829824","5276246016"
"1789630408220","5063188480","5770829824","5276442624"
"1789630408445","5063188480","5770829824","5276442624"
"1789630408650","5063188480","5770829824","5276442624"
"1789630408853","5063188480","5770829824","5276442624"
"1789630409066","5063188480","5770829824","5276442624"
"1789630409267","5063188480","5770829824","5276487680"
"1789630409481","5063188480","5770829824","5276487680"
"1789630409688","5063188480","5770829824","5276487680"
"1789630409894","5063188480","5770829824","5276487680"
"1789630410095","5063188480","5770829824","5276487680"
"1789630410301","5063188480","5770829824","5276487680"
"1789630410508","5063188480","5770829824","5276487680"
"1789630410716","5063188480","5770829824","5276487680"
"1789630410923","5063188480","5770829824","5276487680"
"1789630411134","5063188480","5770829824","5276487680"
"1789630411342","5063188480","5770829824","5276487680"
"1789630411549","5063188480","5770829824","5276487680"
"1789630411765","5063188480","5770829824","5276487680"
"1789630411973","5063188480","5770829824","5276487680"
"1789630412184","5063188480","5770829824","5276487680"
"1789630412391","5063188480","5770829824","5276487680"
"1789630412612","5063188480","5770829824","5276487680"
"1789630412818","5063188480","5770829824","5276487680"
"1789630413030","5063188480","5770829824","5276487680"
"1789630413249","5063188480","5770829824","5276487680"
"1789630413450","5063188480","5770829824","5276487680"
"1789630413664","5063188480","5770829824","5276487680"
"1789630413882","5063188480","5770829824","5276487680"
"1789630414094","5063188480","5770829824","5276487680"
"1789630414309","5063188480","5770829824","5276487680"
"1789630414524","5063188480","5770829824","5276487680"
"1789630414978","5063188480","5770829824","5276487680"
"1789630415188","5063188480","5770829824","5276487680"
"1789630415412","5063188480","5770829824","5276487680"
"1789630415619","5063188480","5770829824","5276487680"
"1789630415828","5063188480","5770829824","5276487680"
"1789630416042","5063188480","5770829824","5276487680"
"1789630416248","5063188480","5770829824","5276487680"
"1789630416456","5063204864","5770829824","5276487680"
"1789630416666","5063204864","5770829824","5276487680"
"1789630416870","5063204864","5770829824","5276487680"
"1789630417076","5063204864","5770829824","5276487680"
"1789630417284","5063204864","5770829824","5276487680"
"1789630417506","5063204864","5770829824","5276487680"
"1789630417728","5063204864","5770829824","5276487680"
"1789630417932","5063204864","5770829824","5276487680"
"1789630418143","5063204864","5770829824","5276487680"
"1789630418559","5063204864","5770829824","5276487680"
"1789630418770","5063204864","5770829824","5276487680"
"1789630418978","5063204864","5770829824","5276487680"
"1789630419188","5063204864","5770829824","5276487680"
"1789630419403","5063204864","5770829824","5276487680"
"1789630419615","5063204864","5770829824","5276487680"
"1789630419837","5063213056","5770829824","5276487680"
"1789630420059","5063213056","5770829824","5276487680"
"1789630420266","5063213056","5770829824","5276487680"
"1789630420482","5063319552","5770829824","5276487680"
"1789630420697","5063352320","5770829824","5276487680"
"1789630420919","5063389184","5770829824","5276487680"
"1789630421125","5063389184","5770829824","5276487680"
"1789630421332","5063389184","5770829824","5276487680"
"1789630421639","5063393280","5770829824","5276487680"
"1789630421862","5063393280","5770829824","5276487680"
"1789630422079","5063393280","5770829824","5276487680"
"1789630422295","5063393280","5770829824","5276487680"
"1789630422504","5063393280","5770829824","5276487680"
"1789630422712","5063393280","5770829824","5276487680"
"1789630422928","5063393280","5770829824","5276487680"
"1789630423145","5063393280","5770829824","5276487680"
"1789630423356","5063393280","5770829824","5276487680"
"1789630423567","5063413760","5770829824","5276487680"
"1789630423775","5063442432","5770829824","5276487680"
"1789630423978","5063426048","5770829824","5276487680"
"1789630424193","5063397376","5770829824","5276487680"
"1789630424410","5063372800","5770829824","5276487680"
"1789630424615","5063356416","5770829824","5276487680"
"1789630424823","5063372800","5770829824","5276487680"
"1789630425033","5063348224","5770829824","5276487680"
"1789630425250","5063340032","5770829824","5276487680"
"1789630425494","5063340032","5770829824","5276487680"
"1789630425716","5063340032","5770829824","5276487680"
"1789630425920","5063340032","5770829824","5276487680"
"1789630426124","5063364608","5770829824","5276487680"
"1789630426333","5063380992","5770829824","5276487680"
"1789630426543","5063380992","5770829824","5276487680"
"1789630426745","5063421952","5770829824","5276487680"
"1789630426953","5063454720","5770829824","5276487680"
"1789630427160","5063487488","5770829824","5276487680"
"1789630427367","5063483392","5770829824","5276487680"
"1789630427573","5063483392","5770829824","5276487680"
"1789630427782","5063614464","5770829824","5276487680"
"1789630427989","5063614464","5770829824","5276487680"
"1789630428196","5063610368","5770829824","5276487680"
"1789630428410","5063675904","5770829824","5276487680"
"1789630428618","5063680000","5770829824","5276487680"
"1789630428830","5063712768","5770829824","5276487680"
"1789630429051","5063712768","5770829824","5276487680"
"1789630429261","5063712768","5770829824","5276487680"
"1789630429467","5063712768","5770829824","5276487680"
"1789630429676","5063712768","5770829824","5276487680"
"1789630429886","5063712768","5770829824","5276487680"
"1789630430092","5063745536","5770829824","5276487680"
"1789630430300","5063782400","5770829824","5276487680"
"1789630430523","5063794688","5770829824","5276487680"
"1789630430752","5063856128","5770829824","5276487680"
"1789630430969","5063884800","5770829824","5276487680"
"1789630431187","5064069120","5770829824","5276487680"
"1789630431394","5064126464","5770829824","5276487680"
"1789630431600","5064175616","5770829824","5276487680"
"1789630431810","5064261632","5770829824","5276487680"
"1789630432016","5064404992","5770829824","5276487680"
"1789630432240","5064560640","5770829824","5276487680"
"1789630432571","5064617984","5770829824","5276487680"
"1789630432774","5064617984","5770829824","5276487680"
"1789630433002","5064617984","5770829824","5276487680"
"1789630433224","5064617984","5770829824","5276487680"
"1789630433429","5064617984","5770829824","5276487680"
"1789630433640","5064630272","5770829824","5276487680"
"1789630433861","5064687616","5770829824","5276487680"
"1789630434077","5064724480","5770829824","5276487680"
"1789630434290","5064798208","5770829824","5276487680"
"1789630434511","5064798208","5770829824","5276487680"
"1789630434718","5064806400","5770829824","5276487680"
"1789630434924","5064826880","5770829824","5276487680"
"1789630435147","5064839168","5770829824","5276487680"
"1789630435353","5065494528","5770829824","5277143040"
"1789630435661","5066018816","5770829824","5277667328"
"1789630435878","5066317824","5770829824","5277962240"
"1789630436082","5066317824","5770829824","5277962240"
"1789630436297","5066317824","5770829824","5277962240"
"1789630436516","5066440704","5770829824","5278085120"
"1789630436716","5066440704","5770829824","5278085120"
"1789630436928","5066514432","5770829824","5278085120"
"1789630437134","5066539008","5770829824","5278085120"
"1789630437349","5066563584","5770829824","5278085120"
"1789630437559","5066555392","5770829824","5278085120"
"1789630437775","5066567680","5770829824","5278097408"
"1789630438000","5066612736","5770829824","5278142464"
"1789630438221","5066690560","5770829824","5278199808"
"1789630438445","5066715136","5770829824","5278228480"
"1789630438660","5066797056","5770829824","5278322688"
"1789630438863","5067612160","5770829824","5279105024"
"1789630439069","5068517376","5770829824","5279948800"
"1789630439283","5069234176","5770829824","5280669696"
"1789630439504","5069959168","5770829824","5281390592"
"1789630439707","5070585856","5770829824","5282062336"
"1789630439926","5071278080","5770829824","5282914304"
"1789630440212","5071491072","5770829824","5283201024"
"1789630440430","5071491072","5770829824","5283332096"
"1789630440649","5071491072","5770829824","5283463168"
"1789630440866","5071491072","5770829824","5283463168"
"1789630441077","5071491072","5770829824","5283463168"
"1789630441290","5071491072","5770829824","5283463168"
"1789630441509","5071491072","5770829824","5283463168"
"1789630441723","5071491072","5770829824","5283463168"
"1789630441931","5071753216","5770829824","5283782656"
"1789630442138","5071839232","5770829824","5283880960"
"1789630442350","5071953920","5770829824","5283979264"
"1789630442561","5072052224","5770829824","5284077568"
"1789630442765","5072150528","5770829824","5284184064"
"1789630442973","5072289792","5770829824","5284397056"
"1789630443192","5072396288","5770829824","5284503552"
"1789630443413","5072678912","5770829824","5284929536"
"1789630443633","5073473536","5770829824","5286170624"
"1789630443847","5074563072","5770829824","5288161280"
"1789630444058","5075460096","5770829824","5289734144"
"1789630444267","5076373504","5770829824","5291208704"
"1789630444730","5078274048","5770829824","5293604864"
"1789630444939","5078753280","5770829824","5294063616"
"1789630445146","5078794240","5770829824","5294063616"
"1789630445352","5078827008","5770829824","5294096384"
"1789630445558","5078892544","5770829824","5294161920"
"1789630445770","5078876160","5770829824","5294161920"
"1789630445974","5078872064","5770829824","5294161920"
"1789630446178","5078859776","5770829824","5294161920"
"1789630446384","5078925312","5770829824","5294161920"
"1789630446591","5078925312","5770829824","5294161920"
"1789630446796","5078908928","5770829824","5294161920"
"1789630447003","5079064576","5770829824","5294202880"
"1789630447222","5079592960","5770829824","5295157248"
"1789630447434","5080727552","5770829824","5297197056"
"1789630447640","5081714688","5770829824","5298937856"
"1789630447846","5081780224","5770829824","5299068928"
"1789630448048","5081804800","5770829824","5299068928"
"1789630448271","5081862144","5770829824","5299068928"
"1789630448476","5081964544","5770829824","5299068928"
"1789630448685","5088735232","5770829824","5306994688"
"1789630448896","5089501184","5770829824","5307777024"
"1789630449104","5090365440","5770829824","5308661760"
"1789630449313","5097562112","5770829824","5316870144"
"1789630449522","5113905152","5770829824","5335805952"
"1789630449748","5125971968","5770829824","5349687296"
"1789630449954","5127094272","5770829824","5350563840"
"1789630450162","5127094272","5770829824","5350563840"
"1789630450371","5127385088","5770829824","5350563840"
"1789630450579","5132648448","5770829824","5356105728"
"1789630450787","5150818304","5770829824","5376094208"
"1789630450997","5161410560","5770829824","5387550720"
"1789630451203","5162860544","5770829824","5388804096"
"1789630451412","5162934272","5770829824","5388804096"
"1789630451619","5165035520","5770829824","5390655488"
"1789630451828","5167267840","5770829824","5391581184"
"1789630452036","5173538816","5770829824","5398781952"
"1789630452246","5183635456","5770829824","5408264192"
"1789630452461","5184733184","5770829824","5409304576"
"1789630452672","5186383872","5770829824","5410312192"
"1789630452878","5188345856","5770829824","5410312192"
"1789630453088","5190709248","5770829824","5412851712"
"1789630453362","5194874880","5770829824","5417332736"
"1789630453580","5195046912","5770829824","5417332736"
"1789630453784","5197488128","5770829824","5420032000"
"1789630453990","5199745024","5770829824","5422526464"
"1789630454198","5202227200","5770829824","5425213440"
"1789630454407","5204250624","5770829824","5427466240"
"1789630454631","5205417984","5770829824","5428875264"
"1789630454843","5205417984","5770829824","5428875264"
"1789630455054","5205946368","5770829824","5429415936"
"1789630455261","5207011328","5770829824","5430497280"
"1789630455469","5214720000","5770829824","5438742528"
"1789630455682","5224566784","5770829824","5449375744"
"1789630455891","5225041920","5770829824","5449375744"
"1789630456114","5225046016","5770829824","5449375744"
"1789630456333","5225046016","5770829824","5449375744"
"1789630456557","5225046016","5770829824","5449375744"
"1789630456772","5225050112","5770829824","5449375744"
"1789630456982","5225766912","5770829824","5450125312"
"1789630457285","5228650496","5770829824","5453004800"
"1789630457519","5228707840","5770829824","5453074432"
"1789630457728","5228724224","5770829824","5453074432"
"1789630457937","5229039616","5770829824","5453348864"
"1789630458145","5229039616","5770829824","5453348864"
"1789630458351","5229039616","5770829824","5453348864"
"1789630458557","5229047808","5770829824","5453348864"
"1789630458770","5229064192","5770829824","5453348864"
"1789630458981","5177364480","5770829824","5384949760"
"1789630459188","5177221120","5770829824","5392871424"
"1789630459410","5177221120","5770829824","5393813504"
"1789630459619","5110226944","5770829824","5325721600"
"1789630459828","5110226944","5770829824","5327253504"
"1789630460036","5110296576","5770829824","5327323136"
"1789630460251","5110300672","5770829824","5327360000"
"1789630460459","5110300672","5770829824","5327360000"
"1789630460662","5110304768","5770829824","5327364096"
"1789630460871","5110304768","5770829824","5327364096"
"1789630461078","5110304768","5770829824","5327364096"
"1789630461285","5110304768","5770829824","5327364096"
"1789630461494","5110304768","5770829824","5327364096"
"1789630461702","5110304768","5770829824","5327364096"
"1789630461912","5110566912","5770829824","5327626240"
"1789630462119","5110829056","5770829824","5327888384"
"1789630462327","5111255040","5770829824","5328326656"
"1789630462535","5111721984","5770829824","5328814080"
"1789630462744","5112188928","5770829824","5329301504"
"1789630462951","5112635392","5770829824","5329768448"
"1789630463227","5114163200","5770829824","5331308544"
"1789630463437","5114228736","5770829824","5331374080"
"1789630463647","5114593280","5770829824","5331742720"
"1789630463852","5114593280","5770829824","5331742720"
"1789630464061","5114593280","5770829824","5331742720"
"1789630464269","5114593280","5770829824","5331742720"
"1789630464478","5114593280","5770829824","5331746816"
"1789630464685","5114593280","5770829824","5331746816"
"1789630464894","5114593280","5770829824","5331746816"
"1789630465101","5111107584","5770829824","5325676544"
"1789630465319","396226560","5770829824","402001920"
