"Timestamp","Pid","WorkingSet64","PrivateMemorySize64"
"2026-09-17T13:40:48.9473478+07:00","11228","71942144","3476303872"
"2026-09-17T13:40:49.4603096+07:00","6160","73867264","375537664"
"2026-09-17T13:40:49.4625248+07:00","11228","71942144","3476303872"
"2026-09-17T13:40:49.9771238+07:00","6160","122818560","400408576"
"2026-09-17T13:40:49.9771238+07:00","11228","71942144","3476303872"
"2026-09-17T13:40:50.5156755+07:00","6160","147234816","410746880"
"2026-09-17T13:40:50.5156755+07:00","11228","71946240","3476303872"
"2026-09-17T13:40:51.0342490+07:00","6160","226500608","425402368"
"2026-09-17T13:40:51.0342490+07:00","11228","71946240","3476303872"
"2026-09-17T13:40:51.5428964+07:00","6160","280584192","429985792"
"2026-09-17T13:40:51.5428964+07:00","11228","71946240","3476303872"
"2026-09-17T13:40:52.0551966+07:00","6160","292687872","441511936"
"2026-09-17T13:40:52.0561993+07:00","11228","71946240","3476303872"
"2026-09-17T13:40:52.5707892+07:00","6160","282259456","430256128"
"2026-09-17T13:40:52.5707892+07:00","11228","71946240","3476303872"
"2026-09-17T13:40:53.0839482+07:00","6160","287117312","432701440"
"2026-09-17T13:40:53.0849531+07:00","11228","71946240","3476303872"
"2026-09-17T13:40:53.5905507+07:00","6160","195940352","325152768"
"2026-09-17T13:40:53.5905507+07:00","11228","71946240","3476303872"
"2026-09-17T13:40:54.1031178+07:00","6160","387043328","440631296"
"2026-09-17T13:40:54.1037566+07:00","11228","71946240","3476303872"
"2026-09-17T13:40:54.6183870+07:00","6160","689283072","775434240"
"2026-09-17T13:40:54.6183870+07:00","11228","71946240","3476303872"
"2026-09-17T13:40:55.1253023+07:00","6160","1376116736","1495797760"
"2026-09-17T13:40:55.1253023+07:00","11228","71946240","3476303872"
"2026-09-17T13:40:55.6329423+07:00","6160","1376264192","1495797760"
"2026-09-17T13:40:55.6329423+07:00","11228","71946240","3476303872"
"2026-09-17T13:40:56.1410082+07:00","6160","1759281152","2109009920"
"2026-09-17T13:40:56.1410082+07:00","11228","71946240","3476303872"
"2026-09-17T13:40:56.6538168+07:00","6160","1887264768","2122846208"
"2026-09-17T13:40:56.6547173+07:00","11228","71946240","3476303872"
"2026-09-17T13:40:57.1685373+07:00","6160","2013880320","2130280448"
"2026-09-17T13:40:57.1685373+07:00","11228","71946240","3476303872"
"2026-09-17T13:40:57.6808458+07:00","6160","2028470272","2137157632"
"2026-09-17T13:40:57.6808458+07:00","11228","71946240","3476303872"
"2026-09-17T13:40:58.1951790+07:00","6160","2039078912","2145173504"
"2026-09-17T13:40:58.1951790+07:00","11228","71946240","3476303872"
"2026-09-17T13:40:58.7077093+07:00","6160","2047111168","2153123840"
"2026-09-17T13:40:58.7077093+07:00","11228","71946240","3476303872"
"2026-09-17T13:40:59.2160554+07:00","6160","2056278016","2162298880"
"2026-09-17T13:40:59.2160554+07:00","11228","71946240","3476303872"
"2026-09-17T13:40:59.7239802+07:00","6160","2121564160","2200281088"
"2026-09-17T13:40:59.7239802+07:00","11228","71946240","3476303872"
"2026-09-17T13:41:00.2294838+07:00","6160","2121564160","2200281088"
"2026-09-17T13:41:00.2304833+07:00","11228","71946240","3476303872"
"2026-09-17T13:41:00.7484420+07:00","6160","2145746944","2224050176"
"2026-09-17T13:41:00.7494407+07:00","11228","71946240","3476303872"
"2026-09-17T13:41:01.2620294+07:00","6160","2163408896","2243026944"
"2026-09-17T13:41:01.2620294+07:00","11228","71946240","3476303872"
"2026-09-17T13:41:01.7715790+07:00","6160","2172358656","2252464128"
"2026-09-17T13:41:01.7715790+07:00","11228","71946240","3476303872"
"2026-09-17T13:41:02.2853394+07:00","6160","2198159360","2278322176"
"2026-09-17T13:41:02.2865236+07:00","11228","71946240","3476303872"
"2026-09-17T13:41:02.9093644+07:00","6160","2493476864","2577965056"
"2026-09-17T13:41:02.9093644+07:00","11228","71946240","3476303872"
"2026-09-17T13:41:03.4150135+07:00","6160","2500710400","2585415680"
"2026-09-17T13:41:03.4150135+07:00","11228","71946240","3476303872"
"2026-09-17T13:41:03.9263529+07:00","6160","2515288064","2594054144"
"2026-09-17T13:41:03.9263529+07:00","11228","71950336","3476303872"
"2026-09-17T13:41:04.4391235+07:00","6160","2503999488","2582454272"
"2026-09-17T13:41:04.4391235+07:00","11228","71950336","3476303872"
"2026-09-17T13:41:04.9697326+07:00","6160","2546954240","2724630528"
"2026-09-17T13:41:04.9708276+07:00","11228","71950336","3476303872"
"2026-09-17T13:41:05.4913262+07:00","6160","2559123456","2736861184"
"2026-09-17T13:41:05.4913262+07:00","11228","71950336","3476303872"
"2026-09-17T13:41:05.9992813+07:00","6160","2572308480","2750029824"
"2026-09-17T13:41:05.9992813+07:00","11228","71950336","3476303872"
"2026-09-17T13:41:06.5111714+07:00","6160","2578890752","2756558848"
"2026-09-17T13:41:06.5111714+07:00","11228","47443968","3476303872"
"2026-09-17T13:41:07.0160574+07:00","6160","2582413312","2759954432"
"2026-09-17T13:41:07.0160574+07:00","11228","47443968","3476303872"
"2026-09-17T13:41:07.5391162+07:00","6160","2608254976","2850975744"
"2026-09-17T13:41:07.5391162+07:00","11228","47443968","3476303872"
"2026-09-17T13:41:08.0540134+07:00","6160","2674933760","2859892736"
"2026-09-17T13:41:08.0540134+07:00","11228","47443968","3476303872"
"2026-09-17T13:41:08.5829830+07:00","6160","2686099456","2867089408"
"2026-09-17T13:41:08.5839952+07:00","11228","47443968","3476303872"
"2026-09-17T13:41:09.0917566+07:00","6160","2703171584","2884100096"
"2026-09-17T13:41:09.0917566+07:00","11228","47443968","3476303872"
"2026-09-17T13:41:09.6086318+07:00","6160","2710241280","2896502784"
"2026-09-17T13:41:09.6086318+07:00","11228","47443968","3476303872"
"2026-09-17T13:41:10.1163296+07:00","6160","2742112256","2926153728"
"2026-09-17T13:41:10.1163296+07:00","11228","47443968","3476303872"
"2026-09-17T13:41:10.6342610+07:00","6160","2745769984","2925654016"
"2026-09-17T13:41:10.6352808+07:00","11228","47443968","3476303872"
"2026-09-17T13:41:11.1504061+07:00","6160","2747113472","2926895104"
"2026-09-17T13:41:11.1513218+07:00","11228","47443968","3476303872"
"2026-09-17T13:41:11.6699421+07:00","6160","2748596224","2928574464"
"2026-09-17T13:41:11.6699421+07:00","11228","47443968","3476303872"
"2026-09-17T13:41:12.1879311+07:00","6160","2758672384","2938650624"
"2026-09-17T13:41:12.1889338+07:00","11228","47443968","3476303872"
"2026-09-17T13:41:12.7159907+07:00","6160","2761854976","2942238720"
"2026-09-17T13:41:12.7159907+07:00","11228","47443968","3476303872"
"2026-09-17T13:41:13.2303648+07:00","6160","2765770752","2945859584"
"2026-09-17T13:41:13.2303648+07:00","11228","47443968","3476303872"
"2026-09-17T13:41:13.7337703+07:00","6160","2767548416","2947522560"
"2026-09-17T13:41:13.7337703+07:00","11228","47443968","3476303872"
"2026-09-17T13:41:14.2390456+07:00","6160","2768097280","2948059136"
"2026-09-17T13:41:14.2498991+07:00","11228","47443968","3476303872"
"2026-09-17T13:41:14.7650671+07:00","6160","2743537664","2926120960"
"2026-09-17T13:41:14.7650671+07:00","11228","47443968","3476303872"
"2026-09-17T13:41:15.2746540+07:00","6160","2749988864","2932346880"
"2026-09-17T13:41:15.2746540+07:00","11228","47443968","3476303872"
"2026-09-17T13:41:15.8174844+07:00","6160","2754060288","2937057280"
"2026-09-17T13:41:15.8174844+07:00","11228","47443968","3476303872"
"2026-09-17T13:41:16.3589819+07:00","6160","2754957312","2937896960"
"2026-09-17T13:41:16.3589819+07:00","11228","47443968","3476303872"
"2026-09-17T13:41:16.8672548+07:00","6160","2773180416","2954874880"
"2026-09-17T13:41:16.8672548+07:00","11228","47443968","3476303872"
"2026-09-17T13:41:17.3900169+07:00","6160","2781249536","2963193856"
"2026-09-17T13:41:17.3900169+07:00","11228","47448064","3476303872"
"2026-09-17T13:41:17.9003646+07:00","6160","2781401088","2963382272"
"2026-09-17T13:41:17.9003646+07:00","11228","47448064","3476303872"
"2026-09-17T13:41:18.4307910+07:00","6160","2784272384","2966536192"
"2026-09-17T13:41:18.4307910+07:00","11228","47448064","3476303872"
"2026-09-17T13:41:18.9394275+07:00","6160","2799714304","2982416384"
"2026-09-17T13:41:18.9394275+07:00","11228","47448064","3476303872"
"2026-09-17T13:41:19.4583486+07:00","6160","2801934336","2984607744"
"2026-09-17T13:41:19.4583486+07:00","11228","47448064","3476303872"
"2026-09-17T13:41:19.9645099+07:00","6160","2720669696","2905206784"
"2026-09-17T13:41:19.9645099+07:00","11228","47448064","3476303872"
"2026-09-17T13:41:20.4661485+07:00","6160","2720784384","2906943488"
"2026-09-17T13:41:20.4661485+07:00","11228","47448064","3476303872"
"2026-09-17T13:41:20.9914787+07:00","6160","2720882688","2907193344"
"2026-09-17T13:41:20.9925270+07:00","11228","47448064","3476303872"
"2026-09-17T13:41:21.5150970+07:00","6160","2721460224","2908475392"
"2026-09-17T13:41:21.5160015+07:00","11228","47448064","3476303872"
"2026-09-17T13:41:22.0204509+07:00","6160","2757165056","2992726016"
"2026-09-17T13:41:22.0204509+07:00","11228","47448064","3476303872"
"2026-09-17T13:41:22.5278598+07:00","6160","2802954240","2992930816"
"2026-09-17T13:41:22.5278598+07:00","11228","47448064","3476303872"
"2026-09-17T13:41:23.0619427+07:00","6160","2815332352","3002585088"
"2026-09-17T13:41:23.0619427+07:00","11228","47448064","3476303872"
"2026-09-17T13:41:23.5785880+07:00","6160","2826502144","3014369280"
"2026-09-17T13:41:23.5785880+07:00","11228","47448064","3476303872"
"2026-09-17T13:41:24.0976669+07:00","6160","2838691840","3025596416"
"2026-09-17T13:41:24.0986824+07:00","11228","47448064","3476303872"
"2026-09-17T13:41:24.6126267+07:00","6160","2846011392","3031834624"
"2026-09-17T13:41:24.6126267+07:00","11228","47448064","3476303872"
"2026-09-17T13:41:25.1224706+07:00","6160","2880544768","3066511360"
"2026-09-17T13:41:25.1224706+07:00","11228","47448064","3476303872"
"2026-09-17T13:41:25.6280325+07:00","6160","2912169984","3098775552"
"2026-09-17T13:41:25.6280325+07:00","11228","47448064","3476303872"
"2026-09-17T13:41:26.1437908+07:00","6160","2915373056","3101937664"
"2026-09-17T13:41:26.1437908+07:00","11228","47448064","3476303872"
"2026-09-17T13:41:26.6671927+07:00","6160","2934845440","3121840128"
"2026-09-17T13:41:26.6671927+07:00","11228","47448064","3476303872"
"2026-09-17T13:41:27.1838727+07:00","6160","2946064384","3133468672"
"2026-09-17T13:41:27.1838727+07:00","11228","47448064","3476303872"
"2026-09-17T13:41:27.8790915+07:00","6160","2955599872","3143327744"
"2026-09-17T13:41:27.8800965+07:00","11228","47448064","3476303872"
"2026-09-17T13:41:28.3907809+07:00","6160","2956664832","3144429568"
"2026-09-17T13:41:28.3907809+07:00","11228","47448064","3476303872"
"2026-09-17T13:41:28.9133923+07:00","6160","2956656640","3144429568"
"2026-09-17T13:41:28.9133923+07:00","11228","47448064","3476303872"
"2026-09-17T13:41:29.4360811+07:00","6160","2956787712","3144597504"
"2026-09-17T13:41:29.4371770+07:00","11228","47448064","3476303872"
"2026-09-17T13:41:29.9684500+07:00","6160","2950397952","3138297856"
"2026-09-17T13:41:29.9684500+07:00","11228","47448064","3476303872"
"2026-09-17T13:41:30.4893834+07:00","6160","2951254016","3139121152"
"2026-09-17T13:41:30.4903913+07:00","11228","47448064","3476303872"
"2026-09-17T13:41:31.0062661+07:00","6160","3032809472","3344859136"
"2026-09-17T13:41:31.0072725+07:00","11228","47448064","3476303872"
"2026-09-17T13:41:31.5247697+07:00","6160","3163410432","3358277632"
"2026-09-17T13:41:31.5247697+07:00","11228","47448064","3476303872"
"2026-09-17T13:41:32.0422043+07:00","6160","3197779968","3393581056"
"2026-09-17T13:41:32.0422043+07:00","11228","47448064","3476303872"
"2026-09-17T13:41:32.5640524+07:00","6160","3200430080","3396485120"
"2026-09-17T13:41:32.5650624+07:00","11228","47452160","3476303872"
"2026-09-17T13:41:33.0696092+07:00","6160","3214839808","3411333120"
"2026-09-17T13:41:33.0706100+07:00","11228","47452160","3476303872"
"2026-09-17T13:41:33.5779400+07:00","6160","3222159360","3418419200"
"2026-09-17T13:41:33.5779400+07:00","11228","47452160","3476303872"
"2026-09-17T13:41:34.0932745+07:00","6160","3242426368","3438985216"
"2026-09-17T13:41:34.0947794+07:00","11228","47452160","3476303872"
"2026-09-17T13:41:34.6341852+07:00","6160","3274108928","3471446016"
"2026-09-17T13:41:34.6341852+07:00","11228","47452160","3476303872"
"2026-09-17T13:41:35.1432241+07:00","6160","3276410880","3473870848"
"2026-09-17T13:41:35.1432241+07:00","11228","47452160","3476303872"
"2026-09-17T13:41:35.6540472+07:00","6160","3307884544","3505995776"
"2026-09-17T13:41:35.6540472+07:00","11228","47452160","3476303872"
"2026-09-17T13:41:36.1608599+07:00","6160","3321094144","3519471616"
"2026-09-17T13:41:36.1608599+07:00","11228","47452160","3476303872"
"2026-09-17T13:41:36.6758556+07:00","6160","3399090176","3682807808"
"2026-09-17T13:41:36.6768556+07:00","11228","47452160","3476303872"
"2026-09-17T13:41:37.1848074+07:00","6160","3481894912","3685773312"
"2026-09-17T13:41:37.1848074+07:00","11228","47452160","3476303872"
"2026-09-17T13:41:37.6973416+07:00","6160","3513405440","3718082560"
"2026-09-17T13:41:37.6973416+07:00","11228","47452160","3476303872"
"2026-09-17T13:41:38.2098005+07:00","6160","3517075456","3722043392"
"2026-09-17T13:41:38.2098005+07:00","11228","47452160","3476303872"
"2026-09-17T13:41:38.7241438+07:00","6160","3523231744","3728297984"
"2026-09-17T13:41:38.7241438+07:00","11228","47452160","3476303872"
"2026-09-17T13:41:39.2343607+07:00","6160","3533008896","3738578944"
"2026-09-17T13:41:39.2343607+07:00","11228","47452160","3476303872"
"2026-09-17T13:41:39.7424492+07:00","6160","3547779072","3753623552"
"2026-09-17T13:41:39.7424492+07:00","11228","47452160","3476303872"
"2026-09-17T13:41:40.2532646+07:00","6160","3565977600","3772391424"
"2026-09-17T13:41:40.2532646+07:00","11228","47452160","3476303872"
"2026-09-17T13:41:40.7591051+07:00","6160","3742187520","3990708224"
"2026-09-17T13:41:40.7591051+07:00","11228","47452160","3476303872"
"2026-09-17T13:41:41.2877297+07:00","6160","3821834240","4036526080"
"2026-09-17T13:41:41.2901258+07:00","11228","47452160","3476303872"
"2026-09-17T13:41:41.8004655+07:00","6160","3824627712","4039274496"
"2026-09-17T13:41:41.8014646+07:00","11228","47452160","3476303872"
"2026-09-17T13:41:42.3112705+07:00","6160","3858358272","4073865216"
"2026-09-17T13:41:42.3112705+07:00","11228","47452160","3476303872"
"2026-09-17T13:41:42.8174113+07:00","6160","3860795392","4076380160"
"2026-09-17T13:41:42.8174113+07:00","11228","47452160","3476303872"
"2026-09-17T13:41:43.3296047+07:00","6160","3877269504","4093272064"
"2026-09-17T13:41:43.3296047+07:00","11228","47452160","3476303872"
"2026-09-17T13:41:43.8337241+07:00","6160","3897978880","4114497536"
"2026-09-17T13:41:43.8337241+07:00","11228","47452160","3476303872"
"2026-09-17T13:41:44.3422855+07:00","6160","3916144640","4133048320"
"2026-09-17T13:41:44.3422855+07:00","11228","47452160","3476303872"
"2026-09-17T13:41:44.8526999+07:00","6160","3940921344","4158455808"
"2026-09-17T13:41:44.8526999+07:00","11228","47452160","3476303872"
"2026-09-17T13:41:45.3642663+07:00","6160","3957272576","4303392768"
"2026-09-17T13:41:45.3653607+07:00","11228","47452160","3476303872"
"2026-09-17T13:41:45.8754310+07:00","6160","4084523008","4307124224"
"2026-09-17T13:41:45.8754310+07:00","11228","47452160","3476303872"
"2026-09-17T13:41:46.3838217+07:00","6160","4105498624","4328632320"
"2026-09-17T13:41:46.3838217+07:00","11228","47460352","3476303872"
"2026-09-17T13:41:46.9018972+07:00","6160","4122632192","4346458112"
"2026-09-17T13:41:46.9018972+07:00","11228","47460352","3476303872"
"2026-09-17T13:41:47.4081704+07:00","6160","4133949440","4357943296"
"2026-09-17T13:41:47.4081704+07:00","11228","47460352","3476303872"
"2026-09-17T13:41:47.9217218+07:00","6160","4144492544","4368760832"
"2026-09-17T13:41:47.9227763+07:00","11228","47460352","3476303872"
"2026-09-17T13:41:48.4345479+07:00","6160","4226617344","4502151168"
"2026-09-17T13:41:48.4345479+07:00","11228","47460352","3476303872"
"2026-09-17T13:41:48.9427945+07:00","6160","4294496256","4523806720"
"2026-09-17T13:41:48.9427945+07:00","11228","47460352","3476303872"
"2026-09-17T13:41:49.4497492+07:00","6160","4323631104","4553531392"
"2026-09-17T13:41:49.4497492+07:00","11228","47460352","3476303872"
"2026-09-17T13:41:49.9649207+07:00","6160","4332433408","4562653184"
"2026-09-17T13:41:49.9649207+07:00","11228","47460352","3476303872"
"2026-09-17T13:41:50.4755051+07:00","6160","4346318848","4576927744"
"2026-09-17T13:41:50.4755051+07:00","11228","47460352","3476303872"
"2026-09-17T13:41:50.9835496+07:00","6160","4475023360","4723224576"
"2026-09-17T13:41:50.9835496+07:00","11228","47460352","3476303872"
"2026-09-17T13:41:51.4915427+07:00","6160","4517277696","4753465344"
"2026-09-17T13:41:51.4915427+07:00","11228","47464448","3476303872"
"2026-09-17T13:41:52.0050264+07:00","6160","4524482560","4760997888"
"2026-09-17T13:41:52.0050264+07:00","11228","47464448","3476303872"
"2026-09-17T13:41:52.5163460+07:00","6160","4531806208","4768600064"
"2026-09-17T13:41:52.5163460+07:00","11228","47464448","3476303872"
"2026-09-17T13:41:53.0240221+07:00","6160","4545978368","4783140864"
"2026-09-17T13:41:53.0250231+07:00","11228","47464448","3476303872"
"2026-09-17T13:41:53.5352283+07:00","6160","4677144576","4919918592"
"2026-09-17T13:41:53.5362230+07:00","11228","47464448","3476303872"
"2026-09-17T13:41:54.0399084+07:00","6160","4706893824","4950405120"
"2026-09-17T13:41:54.0415370+07:00","11228","47464448","3476303872"
"2026-09-17T13:41:54.5491818+07:00","6160","4725993472","4970045440"
"2026-09-17T13:41:54.5491818+07:00","11228","47464448","3476303872"
"2026-09-17T13:41:55.0588129+07:00","6160","4743892992","4988473344"
"2026-09-17T13:41:55.0588129+07:00","11228","47464448","3476303872"
"2026-09-17T13:41:55.5656662+07:00","6160","4760199168","5005135872"
"2026-09-17T13:41:55.5666630+07:00","11228","47464448","3476303872"
"2026-09-17T13:41:56.0739434+07:00","6160","4770398208","5121851392"
"2026-09-17T13:41:56.0739434+07:00","11228","47464448","3476303872"
"2026-09-17T13:41:56.5846854+07:00","6160","4801253376","5150810112"
"2026-09-17T13:41:56.5846854+07:00","11228","47464448","3476303872"
"2026-09-17T13:41:57.0941021+07:00","6160","4818694144","5167489024"
"2026-09-17T13:41:57.0941021+07:00","11228","47464448","3476303872"
"2026-09-17T13:41:57.5988537+07:00","6160","4841279488","5188403200"
"2026-09-17T13:41:57.5988537+07:00","11228","47464448","3476303872"
"2026-09-17T13:41:58.1070927+07:00","6160","4858961920","5205336064"
"2026-09-17T13:41:58.1070927+07:00","11228","47464448","3476303872"
"2026-09-17T13:41:58.6160063+07:00","6160","4925288448","5272977408"
"2026-09-17T13:41:58.6160063+07:00","11228","47464448","3476303872"
"2026-09-17T13:41:59.1230941+07:00","6160","4947091456","5294444544"
"2026-09-17T13:41:59.1240925+07:00","11228","47464448","3476303872"
"2026-09-17T13:41:59.6318095+07:00","6160","4972490752","5319933952"
"2026-09-17T13:41:59.6318095+07:00","11228","47464448","3476303872"
"2026-09-17T13:42:00.1405321+07:00","6160","5057466368","5406633984"
"2026-09-17T13:42:00.1405321+07:00","11228","47464448","3476303872"
"2026-09-17T13:42:00.6558767+07:00","6160","5048897536","5423345664"
"2026-09-17T13:42:00.6558767+07:00","11228","47464448","3476303872"
"2026-09-17T13:42:01.1640487+07:00","6160","5063290880","5436874752"
"2026-09-17T13:42:01.1640487+07:00","11228","47464448","3476303872"
"2026-09-17T13:42:01.6763635+07:00","6160","5147074560","5540347904"
"2026-09-17T13:42:01.6773746+07:00","11228","47464448","3476303872"
"2026-09-17T13:42:02.1926049+07:00","6160","5166972928","5559123968"
"2026-09-17T13:42:02.1936095+07:00","11228","47464448","3476303872"
"2026-09-17T13:42:02.6981236+07:00","6160","5184057344","5575344128"
"2026-09-17T13:42:02.6981236+07:00","11228","47464448","3476303872"
"2026-09-17T13:42:03.2097195+07:00","6160","5256957952","5653827584"
"2026-09-17T13:42:03.2097195+07:00","11228","47464448","3476303872"
"2026-09-17T13:42:03.7148895+07:00","6160","5289807872","5674577920"
"2026-09-17T13:42:03.7148895+07:00","11228","47464448","3476303872"
"2026-09-17T13:42:04.2229578+07:00","6160","5317484544","5702823936"
"2026-09-17T13:42:04.2229578+07:00","11228","47464448","3476303872"
"2026-09-17T13:42:04.7309258+07:00","6160","5347405824","5733539840"
"2026-09-17T13:42:04.7309258+07:00","11228","47464448","3476303872"
"2026-09-17T13:42:05.2428043+07:00","6160","5393367040","5799956480"
"2026-09-17T13:42:05.2428043+07:00","11228","47464448","3476303872"
"2026-09-17T13:42:05.7554721+07:00","6160","5486850048","5803454464"
"2026-09-17T13:42:05.7554721+07:00","11228","47464448","3476303872"
"2026-09-17T13:42:06.2669364+07:00","6160","5511135232","5817389056"
"2026-09-17T13:42:06.2679362+07:00","11228","47464448","3476303872"
"2026-09-17T13:42:06.7726884+07:00","6160","5518495744","5824880640"
"2026-09-17T13:42:06.7726884+07:00","11228","47464448","3476303872"
"2026-09-17T13:42:07.4365866+07:00","6160","5574258688","6397313024"
"2026-09-17T13:42:07.4365866+07:00","11228","47464448","3476303872"
"2026-09-17T13:42:07.9499268+07:00","6160","5625802752","6405656576"
"2026-09-17T13:42:07.9499268+07:00","11228","47464448","3476303872"
"2026-09-17T13:42:08.4602139+07:00","6160","5716189184","6420201472"
"2026-09-17T13:42:08.4616530+07:00","11228","47464448","3476303872"
"2026-09-17T13:42:08.9791091+07:00","6160","5733388288","6411415552"
"2026-09-17T13:42:08.9791091+07:00","11228","47464448","3476303872"
"2026-09-17T13:42:09.4934477+07:00","6160","5750067200","6368993280"
"2026-09-17T13:42:09.4944947+07:00","11228","47464448","3476303872"
"2026-09-17T13:42:10.0027988+07:00","6160","5604814848","6169239552"
"2026-09-17T13:42:10.0027988+07:00","11228","47464448","3476303872"
"2026-09-17T13:42:10.5211646+07:00","6160","4850421760","5207531520"
"2026-09-17T13:42:10.5211646+07:00","11228","47464448","3476303872"
"2026-09-17T13:42:11.0304344+07:00","6160","4834717696","5201895424"
"2026-09-17T13:42:11.0304344+07:00","11228","47464448","3476303872"
"2026-09-17T13:42:11.5458329+07:00","6160","4835020800","5204955136"
"2026-09-17T13:42:11.5468336+07:00","11228","47767552","3476578304"
"2026-09-17T13:42:12.0553071+07:00","6160","4837216256","5209182208"
"2026-09-17T13:42:12.0553071+07:00","11228","47767552","3476578304"
"2026-09-17T13:42:12.6001342+07:00","6160","4836081664","5192921088"
"2026-09-17T13:42:12.6001342+07:00","11228","47767552","3476578304"
"2026-09-17T13:42:13.1144896+07:00","6160","4846669824","5205196800"
"2026-09-17T13:42:13.1144896+07:00","11228","47767552","3476578304"
"2026-09-17T13:42:13.6216171+07:00","6160","4851998720","5200465920"
"2026-09-17T13:42:13.6216171+07:00","11228","47767552","3476578304"
"2026-09-17T13:42:14.1375304+07:00","6160","4870930432","5224099840"
"2026-09-17T13:42:14.1375304+07:00","11228","47767552","3476578304"
"2026-09-17T13:42:14.6542280+07:00","6160","4890062848","5247143936"
"2026-09-17T13:42:14.6552269+07:00","11228","47767552","3476578304"
"2026-09-17T13:42:15.1657360+07:00","6160","4933963776","5299642368"
"2026-09-17T13:42:15.1667331+07:00","11228","47767552","3476578304"
"2026-09-17T13:42:15.6726367+07:00","6160","5063577600","5344681984"
"2026-09-17T13:42:15.6726367+07:00","11228","47767552","3476578304"
"2026-09-17T13:42:16.1798107+07:00","6160","5118427136","5399601152"
"2026-09-17T13:42:16.1798107+07:00","11228","47767552","3476578304"
"2026-09-17T13:42:16.6883104+07:00","6160","5171077120","5451182080"
"2026-09-17T13:42:16.6883104+07:00","11228","47767552","3476578304"
"2026-09-17T13:42:17.1962936+07:00","6160","5223964672","5505179648"
"2026-09-17T13:42:17.1962936+07:00","11228","47767552","3476578304"
"2026-09-17T13:42:17.7077461+07:00","6160","5259821056","5527392256"
"2026-09-17T13:42:17.7077461+07:00","11228","47779840","3476578304"
"2026-09-17T13:42:18.2128564+07:00","6160","5266411520","5531836416"
"2026-09-17T13:42:18.2128564+07:00","11228","47779840","3476578304"
"2026-09-17T13:42:18.7213386+07:00","6160","5267103744","5532434432"
"2026-09-17T13:42:18.7213386+07:00","11228","47779840","3476578304"
"2026-09-17T13:42:19.2293659+07:00","6160","5271621632","5536935936"
"2026-09-17T13:42:19.2293659+07:00","11228","47779840","3476578304"
"2026-09-17T13:42:19.7391167+07:00","6160","5286060032","5553803264"
"2026-09-17T13:42:19.7391167+07:00","11228","47779840","3476578304"
"2026-09-17T13:42:20.2483259+07:00","6160","5288894464","5555712000"
"2026-09-17T13:42:20.2483259+07:00","11228","47779840","3476578304"
"2026-09-17T13:42:20.7617616+07:00","6160","5289062400","5555712000"
"2026-09-17T13:42:20.7617616+07:00","11228","47779840","3476578304"
"2026-09-17T13:42:21.2693413+07:00","6160","5325320192","5595717632"
"2026-09-17T13:42:21.2693413+07:00","11228","47779840","3476578304"
"2026-09-17T13:42:21.7900011+07:00","6160","5341810688","5621334016"
"2026-09-17T13:42:21.7910054+07:00","11228","47779840","3476578304"
"2026-09-17T13:42:22.2955486+07:00","6160","5346033664","5625647104"
"2026-09-17T13:42:22.2955486+07:00","11228","47779840","3476578304"
"2026-09-17T13:42:22.8037952+07:00","6160","5349408768","5629288448"
"2026-09-17T13:42:22.8037952+07:00","11228","47779840","3476578304"
"2026-09-17T13:42:23.3158163+07:00","6160","5352550400","5632487424"
"2026-09-17T13:42:23.3158163+07:00","11228","47779840","3476578304"
"2026-09-17T13:42:23.8287958+07:00","6160","5352824832","5632761856"
"2026-09-17T13:42:23.8287958+07:00","11228","47779840","3476578304"
"2026-09-17T13:42:24.3372148+07:00","6160","5364617216","5644898304"
"2026-09-17T13:42:24.3372148+07:00","11228","47779840","3476578304"
"2026-09-17T13:42:24.8452332+07:00","6160","5409755136","5690748928"
"2026-09-17T13:42:24.8452332+07:00","11228","47779840","3476578304"
"2026-09-17T13:42:25.3542200+07:00","6160","5418336256","5699256320"
"2026-09-17T13:42:25.3542200+07:00","11228","47779840","3476578304"
"2026-09-17T13:42:25.8622559+07:00","6160","5419474944","5700157440"
"2026-09-17T13:42:25.8622559+07:00","11228","47779840","3476578304"
"2026-09-17T13:42:26.3702671+07:00","6160","5445480448","5726990336"
"2026-09-17T13:42:26.3702671+07:00","11228","47783936","3476578304"
"2026-09-17T13:42:26.8828741+07:00","6160","5480042496","5757181952"
"2026-09-17T13:42:26.8828741+07:00","11228","47783936","3476578304"
"2026-09-17T13:42:27.3947785+07:00","6160","5480169472","5757181952"
"2026-09-17T13:42:27.3947785+07:00","11228","47783936","3476578304"
"2026-09-17T13:42:27.9031384+07:00","6160","5511757824","5787910144"
"2026-09-17T13:42:27.9031384+07:00","11228","47788032","3476578304"
"2026-09-17T13:42:28.5130662+07:00","6160","5574946816","5838725120"
"2026-09-17T13:42:28.5164733+07:00","11228","47788032","3476578304"
"2026-09-17T13:42:29.0285897+07:00","6160","5578944512","5841838080"
"2026-09-17T13:42:29.0285897+07:00","11228","47788032","3476578304"
"2026-09-17T13:42:29.5364812+07:00","6160","5581971456","5844996096"
"2026-09-17T13:42:29.5364812+07:00","11228","47788032","3476578304"
"2026-09-17T13:42:30.0830427+07:00","6160","5635809280","5900570624"
"2026-09-17T13:42:30.0830427+07:00","11228","47792128","3476578304"
"2026-09-17T13:42:30.5944536+07:00","6160","5643919360","5903863808"
"2026-09-17T13:42:30.5944536+07:00","11228","47792128","3476578304"
"2026-09-17T13:42:31.1027890+07:00","6160","5646278656","5906145280"
"2026-09-17T13:42:31.1027890+07:00","11228","47792128","3476578304"
"2026-09-17T13:42:31.6111619+07:00","6160","5653561344","5913595904"
"2026-09-17T13:42:31.6111619+07:00","11228","47792128","3476578304"
"2026-09-17T13:42:32.1195273+07:00","6160","5656862720","5916889088"
"2026-09-17T13:42:32.1195273+07:00","11228","47792128","3476578304"
"2026-09-17T13:42:32.6276713+07:00","6160","5668839424","5929201664"
"2026-09-17T13:42:32.6276713+07:00","11228","47792128","3476578304"
"2026-09-17T13:42:33.1386427+07:00","6160","5715296256","5978030080"
"2026-09-17T13:42:33.1396453+07:00","11228","47792128","3476578304"
"2026-09-17T13:42:33.6441883+07:00","6160","5717643264","5980446720"
"2026-09-17T13:42:33.6441883+07:00","11228","47792128","3476578304"
"2026-09-17T13:42:34.1524144+07:00","6160","5723631616","5986263040"
"2026-09-17T13:42:34.1524144+07:00","11228","47792128","3476578304"
"2026-09-17T13:42:34.6631456+07:00","6160","5763383296","6027567104"
"2026-09-17T13:42:34.6641452+07:00","11228","47792128","3476578304"
"2026-09-17T13:42:35.1700020+07:00","6160","5763383296","6027567104"
"2026-09-17T13:42:35.1700020+07:00","11228","47792128","3476578304"
"2026-09-17T13:42:35.6772549+07:00","6160","5809340416","6074798080"
"2026-09-17T13:42:35.6772549+07:00","11228","47792128","3476578304"
"2026-09-17T13:42:36.1899730+07:00","6160","5811847168","6077333504"
"2026-09-17T13:42:36.1911062+07:00","11228","47792128","3476578304"
"2026-09-17T13:42:36.7090319+07:00","6160","5811847168","6077333504"
"2026-09-17T13:42:36.7090319+07:00","11228","47792128","3476578304"
"2026-09-17T13:42:37.4319756+07:00","6160","5816967168","6081921024"
"2026-09-17T13:42:37.4319756+07:00","11228","47792128","3476578304"
"2026-09-17T13:42:37.9478909+07:00","6160","5832925184","6081921024"
"2026-09-17T13:42:37.9481945+07:00","11228","47792128","3476578304"
"2026-09-17T13:42:38.4574654+07:00","6160","5834055680","6082899968"
"2026-09-17T13:42:38.4586087+07:00","11228","47792128","3476578304"
"2026-09-17T13:42:38.9729064+07:00","6160","5806493696","6052761600"
"2026-09-17T13:42:38.9729064+07:00","11228","47792128","3476578304"
"2026-09-17T13:42:39.4895426+07:00","6160","5281480704","5518401536"
"2026-09-17T13:42:39.4895426+07:00","11228","47792128","3476578304"
"2026-09-17T13:42:40.0017687+07:00","6160","5057904640","5273690112"
"2026-09-17T13:42:40.0017687+07:00","11228","47792128","3476578304"
"2026-09-17T13:42:40.5101549+07:00","6160","5057912832","5274071040"
"2026-09-17T13:42:40.5101549+07:00","11228","47792128","3476578304"
"2026-09-17T13:42:41.0214208+07:00","6160","5057912832","5275525120"
"2026-09-17T13:42:41.0224027+07:00","11228","47792128","3476578304"
"2026-09-17T13:42:41.5377889+07:00","6160","5057921024","5276446720"
"2026-09-17T13:42:41.5377889+07:00","11228","47792128","3476578304"
"2026-09-17T13:42:42.0432790+07:00","6160","5057921024","5277913088"
"2026-09-17T13:42:42.0432790+07:00","11228","47792128","3476578304"
"2026-09-17T13:42:42.5513579+07:00","6160","5058183168","5278175232"
"2026-09-17T13:42:42.5513579+07:00","11228","47792128","3476578304"
"2026-09-17T13:42:43.0797116+07:00","6160","5072400384","5292396544"
"2026-09-17T13:42:43.0807115+07:00","11228","47792128","3476578304"
"2026-09-17T13:42:43.5930610+07:00","6160","5075795968","5295792128"
"2026-09-17T13:42:43.5930610+07:00","11228","47792128","3476578304"
"2026-09-17T13:42:44.1098592+07:00","6160","5110919168","5333188608"
"2026-09-17T13:42:44.1098592+07:00","11228","47792128","3476578304"
"2026-09-17T13:42:44.6181086+07:00","6160","5144518656","5372399616"
"2026-09-17T13:42:44.6190945+07:00","11228","47792128","3476578304"
"2026-09-17T13:42:45.1263667+07:00","6160","5150789632","5379612672"
"2026-09-17T13:42:45.1317472+07:00","11228","47792128","3476578304"
"2026-09-17T13:42:45.6428394+07:00","6160","5151141888","5379985408"
"2026-09-17T13:42:45.6428394+07:00","11228","47792128","3476578304"
"2026-09-17T13:42:46.1515986+07:00","6160","5166989312","5405110272"
"2026-09-17T13:42:46.1515986+07:00","11228","47792128","3476578304"
"2026-09-17T13:42:46.6730322+07:00","6160","5212139520","5448122368"
"2026-09-17T13:42:46.6743038+07:00","11228","47792128","3476578304"
"2026-09-17T13:42:47.1932481+07:00","6160","5216530432","5453414400"
"2026-09-17T13:42:47.1943118+07:00","11228","47792128","3476578304"
"2026-09-17T13:42:47.7094093+07:00","6160","5217062912","5453987840"
"2026-09-17T13:42:47.7094093+07:00","11228","47792128","3476578304"
"2026-09-17T13:42:48.2174546+07:00","6160","5259358208","5496741888"
"2026-09-17T13:42:48.2174546+07:00","11228","47792128","3476578304"
"2026-09-17T13:42:48.7255776+07:00","6160","5277880320","5512998912"
"2026-09-17T13:42:48.7255776+07:00","11228","47792128","3476578304"
"2026-09-17T13:42:49.2335169+07:00","6160","5277880320","5512998912"
"2026-09-17T13:42:49.2335169+07:00","11228","47792128","3476578304"
"2026-09-17T13:42:49.7465760+07:00","6160","5314363392","5549682688"
"2026-09-17T13:42:49.7473428+07:00","11228","47792128","3476578304"
"2026-09-17T13:42:50.2547059+07:00","6160","5353619456","5592662016"
"2026-09-17T13:42:50.2547059+07:00","11228","47792128","3476578304"
"2026-09-17T13:42:50.7671769+07:00","6160","5357604864","5596704768"
"2026-09-17T13:42:50.7681740+07:00","11228","47792128","3476578304"
"2026-09-17T13:42:51.2751629+07:00","6160","5357854720","5596704768"
"2026-09-17T13:42:51.2751629+07:00","11228","47792128","3476578304"
"2026-09-17T13:42:51.8320518+07:00","6160","5379067904","5616521216"
"2026-09-17T13:42:51.8320518+07:00","11228","47792128","3476578304"
"2026-09-17T13:42:52.3419883+07:00","6160","5381533696","5618274304"
"2026-09-17T13:42:52.3419883+07:00","11228","47792128","3476578304"
"2026-09-17T13:42:52.8500735+07:00","6160","5381951488","5618610176"
"2026-09-17T13:42:52.8500735+07:00","11228","47792128","3476578304"
"2026-09-17T13:42:53.4468106+07:00","6160","5418885120","5655285760"
"2026-09-17T13:42:53.4468106+07:00","11228","47792128","3476578304"
"2026-09-17T13:42:53.9582747+07:00","6160","5421993984","5658263552"
"2026-09-17T13:42:53.9582747+07:00","11228","47792128","3476578304"
"2026-09-17T13:42:54.4701010+07:00","6160","5426339840","5663334400"
"2026-09-17T13:42:54.4701010+07:00","11228","47792128","3476578304"
"2026-09-17T13:42:54.9781325+07:00","6160","5429248000","5666734080"
"2026-09-17T13:42:54.9781325+07:00","11228","47792128","3476578304"
"2026-09-17T13:42:55.4844576+07:00","6160","5430648832","5667770368"
"2026-09-17T13:42:55.4844576+07:00","11228","47792128","3476578304"
"2026-09-17T13:42:55.9925770+07:00","6160","5448224768","5686833152"
"2026-09-17T13:42:55.9925770+07:00","11228","47792128","3476578304"
"2026-09-17T13:42:56.5932616+07:00","6160","5492662272","5728391168"
"2026-09-17T13:42:56.5942612+07:00","11228","47792128","3476578304"
"2026-09-17T13:42:57.0998402+07:00","6160","5497008128","5732536320"
"2026-09-17T13:42:57.0998402+07:00","11228","47792128","3476578304"
"2026-09-17T13:42:57.6083353+07:00","6160","5500882944","5735837696"
"2026-09-17T13:42:57.6083353+07:00","11228","47792128","3476578304"
"2026-09-17T13:42:58.1194705+07:00","6160","5519458304","5753024512"
"2026-09-17T13:42:58.1204697+07:00","11228","47792128","3476578304"
"2026-09-17T13:42:58.6328124+07:00","6160","5520687104","5754015744"
"2026-09-17T13:42:58.6328124+07:00","11228","47792128","3476578304"
"2026-09-17T13:42:59.1409393+07:00","6160","5555478528","5792354304"
"2026-09-17T13:42:59.1409393+07:00","11228","47792128","3476578304"
"2026-09-17T13:42:59.6529720+07:00","6160","5595418624","5833072640"
"2026-09-17T13:42:59.6529720+07:00","11228","47804416","3476578304"
"2026-09-17T13:43:00.1659692+07:00","6160","5595688960","5833347072"
"2026-09-17T13:43:00.1659692+07:00","11228","47804416","3476578304"
"2026-09-17T13:43:00.6730062+07:00","6160","5615218688","5853507584"
"2026-09-17T13:43:00.6730062+07:00","11228","47804416","3476578304"
"2026-09-17T13:43:01.2533546+07:00","6160","5663895552","5904343040"
"2026-09-17T13:43:01.2533546+07:00","11228","47804416","3476578304"
"2026-09-17T13:43:01.7656354+07:00","6160","5665890304","5906280448"
"2026-09-17T13:43:01.7656354+07:00","11228","47804416","3476578304"
"2026-09-17T13:43:02.2811609+07:00","6160","5668786176","5909454848"
"2026-09-17T13:43:02.2811609+07:00","11228","47804416","3476578304"
"2026-09-17T13:43:02.7932427+07:00","6160","5699194880","5941567488"
"2026-09-17T13:43:02.7942424+07:00","11228","47804416","3476578304"
"2026-09-17T13:43:03.2989228+07:00","6160","5701103616","5943504896"
"2026-09-17T13:43:03.2989228+07:00","11228","47804416","3476578304"
"2026-09-17T13:43:03.8069556+07:00","6160","5725810688","5969178624"
"2026-09-17T13:43:03.8069556+07:00","11228","47804416","3476578304"
"2026-09-17T13:43:04.3201949+07:00","6160","5749383168","5993066496"
"2026-09-17T13:43:04.3201949+07:00","11228","47804416","3476578304"
"2026-09-17T13:43:04.8370017+07:00","6160","5749383168","5993066496"
"2026-09-17T13:43:04.8370017+07:00","11228","47804416","3476578304"
"2026-09-17T13:43:05.3586046+07:00","6160","5749395456","5993078784"
"2026-09-17T13:43:05.3586046+07:00","11228","47804416","3476578304"
"2026-09-17T13:43:05.8779660+07:00","6160","5752176640","5995851776"
"2026-09-17T13:43:05.8779660+07:00","11228","47804416","3476578304"
"2026-09-17T13:43:06.3860007+07:00","6160","5752455168","5995950080"
"2026-09-17T13:43:06.3860007+07:00","11228","47804416","3476578304"
"2026-09-17T13:43:06.9009185+07:00","6160","5752655872","5996122112"
"2026-09-17T13:43:06.9019180+07:00","11228","47804416","3476578304"
"2026-09-17T13:43:07.4100277+07:00","6160","5384015872","5627281408"
"2026-09-17T13:43:07.4109885+07:00","11228","47804416","3476578304"
"2026-09-17T13:43:07.9157909+07:00","6160","5177921536","5400207360"
"2026-09-17T13:43:07.9157909+07:00","11228","47804416","3476578304"
"2026-09-17T13:43:08.4306624+07:00","6160","5176410112","5423435776"
"2026-09-17T13:43:08.4306624+07:00","11228","47804416","3476578304"
"2026-09-17T13:43:08.9442354+07:00","6160","5176811520","5424631808"
"2026-09-17T13:43:08.9453512+07:00","11228","47804416","3476578304"
"2026-09-17T13:43:09.4562905+07:00","6160","5177462784","5425721344"
"2026-09-17T13:43:09.4562905+07:00","11228","47804416","3476578304"
"2026-09-17T13:43:09.9648559+07:00","6160","5177716736","5425987584"
"2026-09-17T13:43:09.9648559+07:00","11228","47812608","3476578304"
"2026-09-17T13:43:10.4739110+07:00","6160","5178597376","5426888704"
"2026-09-17T13:43:10.4739110+07:00","11228","47812608","3476578304"
"2026-09-17T13:43:10.9859049+07:00","6160","5167284224","5409480704"
"2026-09-17T13:43:10.9859049+07:00","11228","47812608","3476578304"
"2026-09-17T13:43:11.4978595+07:00","6160","5173415936","5415616512"
"2026-09-17T13:43:11.4978595+07:00","11228","47812608","3476578304"
"2026-09-17T13:43:12.0067557+07:00","6160","5173940224","5416144896"
"2026-09-17T13:43:12.0067557+07:00","11228","47812608","3476578304"
"2026-09-17T13:43:12.5141990+07:00","6160","5191835648","5434081280"
"2026-09-17T13:43:12.5141990+07:00","11228","47816704","3476578304"
"2026-09-17T13:43:13.0380284+07:00","6160","5196922880","5469749248"
"2026-09-17T13:43:13.0380284+07:00","11228","47816704","3476578304"
"2026-09-17T13:43:13.5520788+07:00","6160","4785913856","5024743424"
"2026-09-17T13:43:13.5529766+07:00","11228","47816704","3476578304"
"2026-09-17T13:43:14.0682332+07:00","6160","2677882880","2911096832"
"2026-09-17T13:43:14.0682332+07:00","11228","47820800","3476578304"
"2026-09-17T13:43:14.5729263+07:00","6160","2221977600","2407542784"
"2026-09-17T13:43:14.5729263+07:00","11228","47820800","3476578304"
"2026-09-17T13:43:15.0873487+07:00","6160","2255216640","2441469952"
"2026-09-17T13:43:15.0883484+07:00","11228","47820800","3476578304"
"2026-09-17T13:43:15.6018596+07:00","6160","2278637568","2469556224"
"2026-09-17T13:43:15.6018596+07:00","11228","47820800","3476578304"
"2026-09-17T13:43:16.1181171+07:00","6160","2284552192","2476818432"
"2026-09-17T13:43:16.1184649+07:00","11228","47820800","3476578304"
"2026-09-17T13:43:16.6381063+07:00","6160","2322817024","2513530880"
"2026-09-17T13:43:16.6381063+07:00","11228","47820800","3476578304"
"2026-09-17T13:43:17.1494632+07:00","6160","2351419392","2540765184"
"2026-09-17T13:43:17.1494632+07:00","11228","47820800","3476578304"
"2026-09-17T13:43:17.6640189+07:00","6160","2372665344","2561916928"
"2026-09-17T13:43:17.6640189+07:00","11228","47820800","3476578304"
"2026-09-17T13:43:18.1802169+07:00","6160","2395074560","2585755648"
"2026-09-17T13:43:18.1812159+07:00","11228","47820800","3476578304"
"2026-09-17T13:43:18.6886142+07:00","6160","2541613056","3329986560"
"2026-09-17T13:43:18.6886142+07:00","11228","47820800","3476578304"
"2026-09-17T13:43:19.1969921+07:00","6160","2780209152","3352121344"
"2026-09-17T13:43:19.1969921+07:00","11228","47824896","3476578304"
"2026-09-17T13:43:19.7204878+07:00","6160","2842218496","3353452544"
"2026-09-17T13:43:19.7204878+07:00","11228","47824896","3476578304"
"2026-09-17T13:43:20.2330052+07:00","6160","2882629632","3358507008"
"2026-09-17T13:43:20.2330052+07:00","11228","47824896","3476578304"
"2026-09-17T13:43:20.7385454+07:00","6160","2850820096","3326414848"
"2026-09-17T13:43:20.7385454+07:00","11228","47824896","3476578304"
"2026-09-17T13:43:21.2463754+07:00","6160","2855358464","3307790336"
"2026-09-17T13:43:21.2463754+07:00","11228","47824896","3476578304"
"2026-09-17T13:43:21.7600389+07:00","6160","2882256896","3335168000"
"2026-09-17T13:43:21.7600389+07:00","11228","47824896","3476578304"
"2026-09-17T13:43:22.2712918+07:00","6160","3069718528","3554697216"
"2026-09-17T13:43:22.2712918+07:00","11228","47824896","3476578304"
"2026-09-17T13:43:22.7796968+07:00","6160","3178090496","3584004096"
"2026-09-17T13:43:22.7796968+07:00","11228","47824896","3476578304"
"2026-09-17T13:43:23.2911018+07:00","6160","3199016960","3605291008"
"2026-09-17T13:43:23.2911018+07:00","11228","47824896","3476578304"
"2026-09-17T13:43:23.7961333+07:00","6160","3202965504","3609985024"
"2026-09-17T13:43:23.7961333+07:00","11228","47824896","3476578304"
"2026-09-17T13:43:24.3554266+07:00","6160","3279020032","3644444672"
"2026-09-17T13:43:24.3554266+07:00","11228","47824896","3476578304"
"2026-09-17T13:43:24.8624763+07:00","6160","3281666048","3646283776"
"2026-09-17T13:43:24.8624763+07:00","11228","47824896","3476578304"
"2026-09-17T13:43:25.3708431+07:00","6160","3296800768","3661545472"
"2026-09-17T13:43:25.3708431+07:00","11228","47824896","3476578304"
"2026-09-17T13:43:25.8791868+07:00","6160","3325181952","3679629312"
"2026-09-17T13:43:25.8791868+07:00","11228","47824896","3476578304"
"2026-09-17T13:43:26.3909468+07:00","6160","3325181952","3679629312"
"2026-09-17T13:43:26.3909468+07:00","11228","47824896","3476578304"
"2026-09-17T13:43:26.8987191+07:00","6160","3346714624","3701637120"
"2026-09-17T13:43:26.8997195+07:00","11228","47824896","3476578304"
"2026-09-17T13:43:27.4041080+07:00","6160","3346714624","3701637120"
"2026-09-17T13:43:27.4041080+07:00","11228","47824896","3476578304"
"2026-09-17T13:43:27.9113369+07:00","6160","3350503424","3705270272"
"2026-09-17T13:43:27.9123371+07:00","11228","47824896","3476578304"
"2026-09-17T13:43:28.4259178+07:00","6160","3446632448","3867131904"
"2026-09-17T13:43:28.4259178+07:00","11228","47824896","3476578304"
"2026-09-17T13:43:28.9369784+07:00","6160","3508121600","3868041216"
"2026-09-17T13:43:28.9369784+07:00","11228","47824896","3476578304"
"2026-09-17T13:43:29.4475948+07:00","6160","3523321856","3884036096"
"2026-09-17T13:43:29.4491046+07:00","11228","47824896","3476578304"
"2026-09-17T13:43:29.9543042+07:00","6160","3524669440","3885314048"
"2026-09-17T13:43:29.9543042+07:00","11228","47824896","3476578304"
"2026-09-17T13:43:30.4647811+07:00","6160","3532099584","3892211712"
"2026-09-17T13:43:30.4647811+07:00","11228","47824896","3476578304"
"2026-09-17T13:43:30.9701969+07:00","6160","3538374656","3898724352"
"2026-09-17T13:43:30.9701969+07:00","11228","47824896","3476578304"
"2026-09-17T13:43:31.4789131+07:00","6160","3539746816","3900657664"
"2026-09-17T13:43:31.4789131+07:00","11228","47824896","3476578304"
"2026-09-17T13:43:31.9953040+07:00","6160","3551625216","3912732672"
"2026-09-17T13:43:31.9962327+07:00","11228","47824896","3476578304"
"2026-09-17T13:43:32.5032926+07:00","6160","3552841728","3914031104"
"2026-09-17T13:43:32.5032926+07:00","11228","47824896","3476578304"
"2026-09-17T13:43:33.0181077+07:00","6160","3569467392","3931803648"
"2026-09-17T13:43:33.0181077+07:00","11228","47824896","3476578304"
"2026-09-17T13:43:33.5289927+07:00","6160","3569860608","3931803648"
"2026-09-17T13:43:33.5289927+07:00","11228","47824896","3476578304"
"2026-09-17T13:43:34.0408479+07:00","6160","3652227072","4121604096"
"2026-09-17T13:43:34.0408479+07:00","11228","47824896","3476578304"
"2026-09-17T13:43:34.5456566+07:00","6160","3801948160","4122337280"
"2026-09-17T13:43:34.5456566+07:00","11228","47824896","3476578304"
"2026-09-17T13:43:35.1702334+07:00","6160","3881742336","4141973504"
"2026-09-17T13:43:35.1702334+07:00","11228","47824896","3476578304"
"2026-09-17T13:43:35.6778835+07:00","6160","3883429888","4143177728"
"2026-09-17T13:43:35.6778835+07:00","11228","47824896","3476578304"
"2026-09-17T13:43:36.2030476+07:00","6160","3901734912","4159823872"
"2026-09-17T13:43:36.2030476+07:00","11228","47824896","3476578304"
"2026-09-17T13:43:36.7112694+07:00","6160","3903455232","4161622016"
"2026-09-17T13:43:36.7112694+07:00","11228","47824896","3476578304"
"2026-09-17T13:43:37.2343103+07:00","6160","3914526720","4173647872"
"2026-09-17T13:43:37.2343103+07:00","11228","47824896","3476578304"
"2026-09-17T13:43:37.7441343+07:00","6160","3916410880","4175720448"
"2026-09-17T13:43:37.7441343+07:00","11228","47824896","3476578304"
"2026-09-17T13:43:38.2569835+07:00","6160","3991826432","4296589312"
"2026-09-17T13:43:38.2569835+07:00","11228","47824896","3476578304"
"2026-09-17T13:43:38.7690060+07:00","6160","4042727424","4307202048"
"2026-09-17T13:43:38.7690060+07:00","11228","47824896","3476578304"
"2026-09-17T13:43:39.2830934+07:00","6160","4054581248","4319285248"
"2026-09-17T13:43:39.2830934+07:00","11228","47824896","3476578304"
"2026-09-17T13:43:39.8298189+07:00","6160","4058710016","4323799040"
"2026-09-17T13:43:39.8302447+07:00","11228","47833088","3476578304"
"2026-09-17T13:43:40.3363764+07:00","6160","4060766208","4326072320"
"2026-09-17T13:43:40.3363764+07:00","11228","47833088","3476578304"
"2026-09-17T13:43:40.8437366+07:00","6160","4063997952","4329562112"
"2026-09-17T13:43:40.8437366+07:00","11228","47833088","3476578304"
"2026-09-17T13:43:41.3621380+07:00","6160","4072108032","4338089984"
"2026-09-17T13:43:41.3621380+07:00","11228","47837184","3476578304"
"2026-09-17T13:43:41.8792521+07:00","6160","4193361920","4463788032"
"2026-09-17T13:43:41.8802523+07:00","11228","47837184","3476578304"
"2026-09-17T13:43:42.3875295+07:00","6160","4206940160","4478193664"
"2026-09-17T13:43:42.3875295+07:00","11228","47837184","3476578304"
"2026-09-17T13:43:42.8968522+07:00","6160","4213817344","4485582848"
"2026-09-17T13:43:42.8968522+07:00","11228","47837184","3476578304"
"2026-09-17T13:43:43.4024623+07:00","6160","4217769984","4489883648"
"2026-09-17T13:43:43.4024623+07:00","11228","47837184","3476578304"
"2026-09-17T13:43:43.9139670+07:00","6160","4219412480","4491235328"
"2026-09-17T13:43:43.9139670+07:00","11228","47837184","3476578304"
"2026-09-17T13:43:44.4260294+07:00","6160","4320690176","4608032768"
"2026-09-17T13:43:44.4270127+07:00","11228","47837184","3476578304"
"2026-09-17T13:43:44.9387767+07:00","6160","4356960256","4632584192"
"2026-09-17T13:43:44.9387767+07:00","11228","47837184","3476578304"
"2026-09-17T13:43:45.4955331+07:00","6160","4363010048","4638941184"
"2026-09-17T13:43:45.4965312+07:00","11228","47837184","3476578304"
"2026-09-17T13:43:46.0631123+07:00","6160","4369387520","4645752832"
"2026-09-17T13:43:46.0631123+07:00","11228","47837184","3476578304"
"2026-09-17T13:43:46.6307810+07:00","6160","4373725184","4765466624"
"2026-09-17T13:43:46.6317935+07:00","11228","47837184","3476578304"
"2026-09-17T13:43:47.1430476+07:00","6160","4495376384","4776546304"
"2026-09-17T13:43:47.1430476+07:00","11228","47837184","3476578304"
"2026-09-17T13:43:47.6514631+07:00","6160","4499824640","4781010944"
"2026-09-17T13:43:47.6514631+07:00","11228","47837184","3476578304"
"2026-09-17T13:43:48.1745926+07:00","6160","4505534464","4786913280"
"2026-09-17T13:43:48.1745926+07:00","11228","47837184","3476578304"
"2026-09-17T13:43:48.6853856+07:00","6160","4512985088","4794802176"
"2026-09-17T13:43:48.6853856+07:00","11228","47837184","3476578304"
"2026-09-17T13:43:49.1927304+07:00","6160","4601143296","4886917120"
"2026-09-17T13:43:49.1927304+07:00","11228","47837184","3476578304"
"2026-09-17T13:43:49.7005630+07:00","6160","4615389184","4900847616"
"2026-09-17T13:43:49.7016309+07:00","11228","47837184","3476578304"
"2026-09-17T13:43:50.2093177+07:00","6160","4619337728","4905107456"
"2026-09-17T13:43:50.2103727+07:00","11228","47837184","3476578304"
"2026-09-17T13:43:50.7214881+07:00","6160","4626591744","4912644096"
"2026-09-17T13:43:50.7214881+07:00","11228","47837184","3476578304"
"2026-09-17T13:43:51.2257513+07:00","6160","4706549760","4995547136"
"2026-09-17T13:43:51.2257513+07:00","11228","47837184","3476578304"
"2026-09-17T13:43:51.7342224+07:00","6160","4718071808","5007667200"
"2026-09-17T13:43:51.7342224+07:00","11228","47837184","3476578304"
"2026-09-17T13:43:52.2462233+07:00","6160","4729151488","5019168768"
"2026-09-17T13:43:52.2468912+07:00","11228","47837184","3476578304"
"2026-09-17T13:43:52.7559135+07:00","6160","4806938624","5099798528"
"2026-09-17T13:43:52.7559135+07:00","11228","47837184","3476578304"
"2026-09-17T13:43:53.2689138+07:00","6160","4821172224","5114658816"
"2026-09-17T13:43:53.2689138+07:00","11228","47837184","3476578304"
"2026-09-17T13:43:53.7752732+07:00","6160","4830744576","5124546560"
"2026-09-17T13:43:53.7752732+07:00","11228","47837184","3476578304"
"2026-09-17T13:43:54.2839070+07:00","6160","4880138240","5175873536"
"2026-09-17T13:43:54.2839070+07:00","11228","47837184","3476578304"
"2026-09-17T13:43:54.7950070+07:00","6160","4893474816","5189488640"
"2026-09-17T13:43:54.7959452+07:00","11228","47837184","3476578304"
"2026-09-17T13:43:55.3016206+07:00","6160","4902305792","5198659584"
"2026-09-17T13:43:55.3016206+07:00","11228","47837184","3476578304"
"2026-09-17T13:43:55.8098873+07:00","6160","4953014272","5251485696"
"2026-09-17T13:43:55.8098873+07:00","11228","47837184","3476578304"
"2026-09-17T13:43:56.3193183+07:00","6160","4958846976","5257682944"
"2026-09-17T13:43:56.3203085+07:00","11228","47837184","3476578304"
"2026-09-17T13:43:56.8289679+07:00","6160","4965818368","5265080320"
"2026-09-17T13:43:56.8293397+07:00","11228","47837184","3476578304"
"2026-09-17T13:43:57.3388632+07:00","6160","5034868736","5314834432"
"2026-09-17T13:43:57.3388632+07:00","11228","47837184","3476578304"
"2026-09-17T13:43:57.8572281+07:00","6160","5038731264","5315108864"
"2026-09-17T13:43:57.8572281+07:00","11228","47837184","3476578304"
"2026-09-17T13:43:58.3709356+07:00","6160","5044682752","5321134080"
"2026-09-17T13:43:58.3717181+07:00","11228","47837184","3476578304"
"2026-09-17T13:43:59.2474115+07:00","6160","5059682304","5681586176"
"2026-09-17T13:43:59.2474115+07:00","11228","47837184","3476578304"
"2026-09-17T13:43:59.7875419+07:00","6160","5123141632","5681606656"
"2026-09-17T13:43:59.7891049+07:00","11228","47849472","3476578304"
"2026-09-17T13:44:00.3105077+07:00","6160","5270151168","5687574528"
"2026-09-17T13:44:00.3105077+07:00","11228","47849472","3476578304"
"2026-09-17T13:44:00.8188146+07:00","6160","5273853952","5691228160"
"2026-09-17T13:44:00.8188146+07:00","11228","47849472","3476578304"
"2026-09-17T13:44:01.3290344+07:00","6160","5284691968","5663428608"
"2026-09-17T13:44:01.3290344+07:00","11228","47849472","3476578304"
"2026-09-17T13:44:01.8552591+07:00","6160","5270712320","5617618944"
"2026-09-17T13:44:01.8564714+07:00","11228","47849472","3476578304"
"2026-09-17T13:44:02.3697513+07:00","6160","4832772096","5182173184"
"2026-09-17T13:44:02.3697513+07:00","11228","47849472","3476578304"
"2026-09-17T13:44:02.8898647+07:00","6160","4817719296","5149777920"
"2026-09-17T13:44:02.8898647+07:00","11228","47849472","3476578304"
"2026-09-17T13:44:03.3990848+07:00","6160","4817723392","5152600064"
"2026-09-17T13:44:03.4001579+07:00","11228","47849472","3476578304"
"2026-09-17T13:44:03.9121484+07:00","6160","4817723392","5154402304"
"2026-09-17T13:44:03.9127946+07:00","11228","47849472","3476578304"
"2026-09-17T13:44:04.4241136+07:00","6160","4817723392","5159587840"
"2026-09-17T13:44:04.4241136+07:00","11228","47849472","3476578304"
"2026-09-17T13:44:04.9326007+07:00","6160","4823199744","5128327168"
"2026-09-17T13:44:04.9326007+07:00","11228","47849472","3476578304"
"2026-09-17T13:44:05.4410299+07:00","6160","4906496000","5131800576"
"2026-09-17T13:44:05.4410299+07:00","11228","47849472","3476578304"
"2026-09-17T13:44:05.9534363+07:00","6160","4913504256","5141405696"
"2026-09-17T13:44:05.9534363+07:00","11228","47849472","3476578304"
"2026-09-17T13:44:06.4653439+07:00","6160","4932124672","5164142592"
"2026-09-17T13:44:06.4653439+07:00","11228","47849472","3476578304"
"2026-09-17T13:44:06.9741238+07:00","6160","4933558272","5165953024"
"2026-09-17T13:44:06.9741238+07:00","11228","47849472","3476578304"
"2026-09-17T13:44:07.4890748+07:00","6160","4933558272","5165953024"
"2026-09-17T13:44:07.4890748+07:00","11228","47849472","3476578304"
"2026-09-17T13:44:07.9984761+07:00","6160","4934426624","5166972928"
"2026-09-17T13:44:07.9984761+07:00","11228","47849472","3476578304"
"2026-09-17T13:44:08.5220210+07:00","6160","4952928256","5187788800"
"2026-09-17T13:44:08.5230166+07:00","11228","47849472","3476578304"
"2026-09-17T13:44:09.0317707+07:00","6160","4952965120","5187829760"
"2026-09-17T13:44:09.0317707+07:00","11228","47849472","3476578304"
"2026-09-17T13:44:09.5401029+07:00","6160","4953497600","5188395008"
"2026-09-17T13:44:09.5401029+07:00","11228","47849472","3476578304"
"2026-09-17T13:44:10.0575355+07:00","6160","4971167744","5208354816"
"2026-09-17T13:44:10.0575355+07:00","11228","47853568","3476578304"
"2026-09-17T13:44:10.5695274+07:00","6160","4972404736","5209280512"
"2026-09-17T13:44:10.5702837+07:00","11228","47857664","3476578304"
"2026-09-17T13:44:11.0816866+07:00","6160","4973629440","5210533888"
"2026-09-17T13:44:11.0816866+07:00","11228","47857664","3476578304"
"2026-09-17T13:44:11.5905105+07:00","6160","4995346432","5234106368"
"2026-09-17T13:44:11.5905105+07:00","11228","47857664","3476578304"
"2026-09-17T13:44:12.1049127+07:00","6160","5004103680","5244137472"
"2026-09-17T13:44:12.1059106+07:00","11228","47857664","3476578304"
"2026-09-17T13:44:12.6174585+07:00","6160","5005484032","5245554688"
"2026-09-17T13:44:12.6174585+07:00","11228","47857664","3476578304"
"2026-09-17T13:44:13.1219735+07:00","6160","5013626880","5255221248"
"2026-09-17T13:44:13.1229800+07:00","11228","47857664","3476578304"
"2026-09-17T13:44:13.6347368+07:00","6160","5028855808","5271654400"
"2026-09-17T13:44:13.6347368+07:00","11228","47857664","3476578304"
"2026-09-17T13:44:14.1479783+07:00","6160","5030764544","5274386432"
"2026-09-17T13:44:14.1479783+07:00","11228","47857664","3476578304"
"2026-09-17T13:44:14.6594801+07:00","6160","5035044864","5280239616"
"2026-09-17T13:44:14.6594801+07:00","11228","47857664","3476578304"
"2026-09-17T13:44:15.1679182+07:00","6160","5037273088","5283307520"
"2026-09-17T13:44:15.1688699+07:00","11228","47857664","3476578304"
"2026-09-17T13:44:15.6810888+07:00","6160","5037703168","5283950592"
"2026-09-17T13:44:15.6810888+07:00","11228","47857664","3476578304"
"2026-09-17T13:44:16.1898240+07:00","6160","5042352128","5289611264"
"2026-09-17T13:44:16.1898240+07:00","11228","47857664","3476578304"
"2026-09-17T13:44:16.7011648+07:00","6160","5059059712","5301633024"
"2026-09-17T13:44:16.7021716+07:00","11228","47857664","3476578304"
"2026-09-17T13:44:17.2256706+07:00","6160","5059301376","5301952512"
"2026-09-17T13:44:17.2256706+07:00","11228","47857664","3476578304"
"2026-09-17T13:44:17.7308935+07:00","6160","5067202560","5311062016"
"2026-09-17T13:44:17.7308935+07:00","11228","47857664","3476578304"
"2026-09-17T13:44:18.2435168+07:00","6160","5087535104","5329223680"
"2026-09-17T13:44:18.2435168+07:00","11228","47857664","3476578304"
"2026-09-17T13:44:18.7566765+07:00","6160","5088415744","5330288640"
"2026-09-17T13:44:18.7566765+07:00","11228","47857664","3476578304"
"2026-09-17T13:44:19.2692976+07:00","6160","5092712448","5335543808"
"2026-09-17T13:44:19.2692976+07:00","11228","47857664","3476578304"
"2026-09-17T13:44:19.7766362+07:00","6160","5111484416","5355679744"
"2026-09-17T13:44:19.7778636+07:00","11228","47857664","3476578304"
"2026-09-17T13:44:20.2888164+07:00","6160","5112467456","5356584960"
"2026-09-17T13:44:20.2888164+07:00","11228","47857664","3476578304"
"2026-09-17T13:44:20.7971203+07:00","6160","5116760064","5361180672"
"2026-09-17T13:44:20.7971203+07:00","11228","47857664","3476578304"
"2026-09-17T13:44:21.3130126+07:00","6160","5132480512","5378428928"
"2026-09-17T13:44:21.3130126+07:00","11228","47857664","3476578304"
"2026-09-17T13:44:21.8219914+07:00","6160","5133496320","5379739648"
"2026-09-17T13:44:21.8219914+07:00","11228","47857664","3476578304"
"2026-09-17T13:44:22.3363726+07:00","6160","5141250048","5387124736"
"2026-09-17T13:44:22.3363726+07:00","11228","47857664","3476578304"
"2026-09-17T13:44:22.8506116+07:00","6160","5163782144","5411057664"
"2026-09-17T13:44:22.8506116+07:00","11228","47857664","3476578304"
"2026-09-17T13:44:23.3663747+07:00","6160","5163782144","5411057664"
"2026-09-17T13:44:23.3673820+07:00","11228","47857664","3476578304"
"2026-09-17T13:44:23.8717331+07:00","6160","5168721920","5417209856"
"2026-09-17T13:44:23.8717331+07:00","11228","47857664","3476578304"
"2026-09-17T13:44:24.3856112+07:00","6160","5179727872","5428891648"
"2026-09-17T13:44:24.3856112+07:00","11228","47857664","3476578304"
"2026-09-17T13:44:24.9010110+07:00","6160","5179744256","5428891648"
"2026-09-17T13:44:24.9010110+07:00","11228","47857664","3476578304"
"2026-09-17T13:44:25.5852283+07:00","6160","5180936192","5429719040"
"2026-09-17T13:44:25.5862848+07:00","11228","47857664","3476578304"
"2026-09-17T13:44:26.1166438+07:00","6160","5196226560","5429747712"
"2026-09-17T13:44:26.1176411+07:00","11228","47857664","3476578304"
"2026-09-17T13:44:26.6270079+07:00","6160","5196259328","5430857728"
"2026-09-17T13:44:26.6270079+07:00","11228","47857664","3476578304"
"2026-09-17T13:44:27.1497297+07:00","6160","5071630336","5282189312"
"2026-09-17T13:44:27.1497297+07:00","11228","47857664","3476578304"
"2026-09-17T13:44:27.6712557+07:00","6160","5059403776","5277270016"
"2026-09-17T13:44:27.6712557+07:00","11228","47857664","3476578304"
"2026-09-17T13:44:28.1842297+07:00","6160","5017255936","5245251584"
"2026-09-17T13:44:28.1849566+07:00","11228","47857664","3476578304"
"2026-09-17T13:44:28.6961631+07:00","6160","5017305088","5247021056"
"2026-09-17T13:44:28.6961631+07:00","11228","47857664","3476578304"
"2026-09-17T13:44:29.2044853+07:00","6160","5005549568","5223739392"
"2026-09-17T13:44:29.2044853+07:00","11228","47861760","3476578304"
"2026-09-17T13:44:29.7116519+07:00","6160","5005553664","5223739392"
"2026-09-17T13:44:29.7116519+07:00","11228","47861760","3476578304"
"2026-09-17T13:44:30.2273450+07:00","6160","5006077952","5224263680"
"2026-09-17T13:44:30.2273450+07:00","11228","47861760","3476578304"
"2026-09-17T13:44:30.8617074+07:00","6160","5008474112","5226676224"
"2026-09-17T13:44:30.8617074+07:00","11228","47861760","3476578304"
"2026-09-17T13:44:31.3843286+07:00","6160","5008801792","5227282432"
"2026-09-17T13:44:31.3853458+07:00","11228","47861760","3476578304"
"2026-09-17T13:44:31.8918166+07:00","6160","5008801792","5227282432"
"2026-09-17T13:44:31.8918166+07:00","11228","47861760","3476578304"
"2026-09-17T13:44:32.4271620+07:00","6160","5009063936","5227544576"
"2026-09-17T13:44:32.4291878+07:00","11228","47861760","3476578304"
"2026-09-17T13:44:32.9371676+07:00","6160","5009326080","5227806720"
"2026-09-17T13:44:32.9371676+07:00","11228","47861760","3476578304"
"2026-09-17T13:44:33.4708109+07:00","6160","5010112512","5228593152"
"2026-09-17T13:44:33.4708109+07:00","11228","47861760","3476578304"
"2026-09-17T13:44:33.9785776+07:00","6160","5010112512","5228593152"
"2026-09-17T13:44:33.9785776+07:00","11228","47861760","3476578304"
"2026-09-17T13:44:34.4992433+07:00","6160","5010112512","5228593152"
"2026-09-17T13:44:34.4996889+07:00","11228","47861760","3476578304"
"2026-09-17T13:44:35.0079980+07:00","6160","5017292800","5236846592"
"2026-09-17T13:44:35.0091278+07:00","11228","47861760","3476578304"
"2026-09-17T13:44:35.5211821+07:00","6160","5017362432","5236969472"
"2026-09-17T13:44:35.5211821+07:00","11228","47861760","3476578304"
"2026-09-17T13:44:36.0285770+07:00","6160","5017894912","5237510144"
"2026-09-17T13:44:36.0285770+07:00","11228","47861760","3476578304"
"2026-09-17T13:44:36.6374871+07:00","6160","5018693632","5238353920"
"2026-09-17T13:44:36.6374871+07:00","11228","47861760","3476578304"
"2026-09-17T13:44:37.1493507+07:00","6160","5018832896","5238439936"
"2026-09-17T13:44:37.1493507+07:00","11228","47861760","3476578304"
"2026-09-17T13:44:37.6617474+07:00","6160","5020078080","5240352768"
"2026-09-17T13:44:37.6617474+07:00","11228","47861760","3476578304"
"2026-09-17T13:44:38.1701516+07:00","6160","5029793792","5252472832"
"2026-09-17T13:44:38.1701516+07:00","11228","47861760","3476578304"
"2026-09-17T13:44:38.6781878+07:00","6160","5029793792","5252472832"
"2026-09-17T13:44:38.6781878+07:00","11228","47861760","3476578304"
"2026-09-17T13:44:39.1900312+07:00","6160","5052198912","5277798400"
"2026-09-17T13:44:39.1900312+07:00","11228","47861760","3476578304"
"2026-09-17T13:44:39.6971203+07:00","6160","5069180928","5296447488"
"2026-09-17T13:44:39.6971203+07:00","11228","47861760","3476578304"
"2026-09-17T13:44:40.2094744+07:00","6160","5069180928","5296447488"
"2026-09-17T13:44:40.2094744+07:00","11228","47861760","3476578304"
"2026-09-17T13:44:40.7207905+07:00","6160","5078110208","5306671104"
"2026-09-17T13:44:40.7207905+07:00","11228","47861760","3476578304"
"2026-09-17T13:44:41.2831279+07:00","6160","5101146112","5330509824"
"2026-09-17T13:44:41.2831279+07:00","11228","47861760","3476578304"
"2026-09-17T13:44:41.8016940+07:00","6160","5101928448","5330984960"
"2026-09-17T13:44:41.8026916+07:00","11228","47861760","3476578304"
"2026-09-17T13:44:42.3185584+07:00","6160","5103865856","5333000192"
"2026-09-17T13:44:42.3185584+07:00","11228","47861760","3476578304"
"2026-09-17T13:44:42.8812938+07:00","6160","5114925056","5343862784"
"2026-09-17T13:44:42.8812938+07:00","11228","47861760","3476578304"
"2026-09-17T13:44:43.3967131+07:00","6160","5116395520","5344960512"
"2026-09-17T13:44:43.3967131+07:00","11228","47861760","3476578304"
"2026-09-17T13:44:43.9098836+07:00","6160","5118152704","5347295232"
"2026-09-17T13:44:43.9108859+07:00","11228","47861760","3476578304"
"2026-09-17T13:44:44.4199820+07:00","6160","5152231424","5378048000"
"2026-09-17T13:44:44.4199820+07:00","11228","47861760","3476578304"
"2026-09-17T13:44:44.9272190+07:00","6160","5154103296","5379784704"
"2026-09-17T13:44:44.9272190+07:00","11228","47861760","3476578304"
"2026-09-17T13:44:45.4396069+07:00","6160","5157146624","5383389184"
"2026-09-17T13:44:45.4399600+07:00","11228","47861760","3476578304"
"2026-09-17T13:44:45.9436428+07:00","6160","5161574400","5388607488"
"2026-09-17T13:44:45.9447261+07:00","11228","47861760","3476578304"
"2026-09-17T13:44:46.4530011+07:00","6160","5167439872","5395406848"
"2026-09-17T13:44:46.4530011+07:00","11228","47861760","3476578304"
"2026-09-17T13:44:46.9608530+07:00","6160","5169815552","5398302720"
"2026-09-17T13:44:46.9608530+07:00","11228","47861760","3476578304"
"2026-09-17T13:44:47.4694620+07:00","6160","5174317056","5402791936"
"2026-09-17T13:44:47.4694620+07:00","11228","47861760","3476578304"
"2026-09-17T13:44:47.9920433+07:00","6160","5187821568","5417144320"
"2026-09-17T13:44:47.9920433+07:00","11228","47861760","3476578304"
"2026-09-17T13:44:48.5019164+07:00","6160","5189484544","5418373120"
"2026-09-17T13:44:48.5019164+07:00","11228","47861760","3476578304"
"2026-09-17T13:44:49.0101321+07:00","6160","5201584128","5431988224"
"2026-09-17T13:44:49.0101321+07:00","11228","47861760","3476578304"
"2026-09-17T13:44:49.5261794+07:00","6160","5219987456","5450424320"
"2026-09-17T13:44:49.5261794+07:00","11228","47861760","3476578304"
"2026-09-17T13:44:50.0400497+07:00","6160","5220859904","5450424320"
"2026-09-17T13:44:50.0400497+07:00","11228","47894528","3476578304"
"2026-09-17T13:44:50.5515265+07:00","6160","5243523072","5474283520"
"2026-09-17T13:44:50.5515265+07:00","11228","47894528","3476578304"
"2026-09-17T13:44:51.0654296+07:00","6160","5249306624","5479817216"
"2026-09-17T13:44:51.0654296+07:00","11228","47894528","3476578304"
"2026-09-17T13:44:51.5815814+07:00","6160","5249314816","5479817216"
"2026-09-17T13:44:51.5815814+07:00","11228","47894528","3476578304"
"2026-09-17T13:44:52.2301785+07:00","6160","5250191360","5480460288"
"2026-09-17T13:44:52.2307592+07:00","11228","47894528","3476578304"
"2026-09-17T13:44:52.7400548+07:00","6160","5250392064","5480624128"
"2026-09-17T13:44:52.7400548+07:00","11228","47894528","3476578304"
"2026-09-17T13:44:53.2556207+07:00","6160","5250560000","5480783872"
"2026-09-17T13:44:53.2556207+07:00","11228","47894528","3476578304"
"2026-09-17T13:44:53.7719684+07:00","6160","5096968192","5304393728"
"2026-09-17T13:44:53.7719684+07:00","11228","47894528","3476578304"
"2026-09-17T13:44:54.3451538+07:00","6160","5086126080","5294940160"
"2026-09-17T13:44:54.3461537+07:00","11228","47894528","3476578304"
"2026-09-17T13:44:54.8508103+07:00","6160","5039206400","5259935744"
"2026-09-17T13:44:54.8508103+07:00","11228","47894528","3476578304"
"2026-09-17T13:44:55.3598617+07:00","6160","5039685632","5261410304"
"2026-09-17T13:44:55.3598617+07:00","11228","47894528","3476578304"
"2026-09-17T13:44:55.8676437+07:00","6160","5039939584","5263085568"
"2026-09-17T13:44:55.8682228+07:00","11228","47894528","3476578304"
"2026-09-17T13:44:56.3759272+07:00","6160","5040717824","5263859712"
"2026-09-17T13:44:56.3832633+07:00","11228","47894528","3476578304"
"2026-09-17T13:44:56.8959054+07:00","6160","5041438720","5264596992"
"2026-09-17T13:44:56.8967089+07:00","11228","47894528","3476578304"
"2026-09-17T13:44:57.4011650+07:00","6160","5041504256","5264654336"
"2026-09-17T13:44:57.4011650+07:00","11228","47894528","3476578304"
"2026-09-17T13:44:57.9089913+07:00","6160","5042225152","5265395712"
"2026-09-17T13:44:57.9089913+07:00","11228","47894528","3476578304"
"2026-09-17T13:44:58.4171843+07:00","6160","5043351552","5266575360"
"2026-09-17T13:44:58.4171843+07:00","11228","47894528","3476578304"
"2026-09-17T13:44:58.9310779+07:00","6160","5043490816","5266722816"
"2026-09-17T13:44:58.9310779+07:00","11228","47894528","3476578304"
"2026-09-17T13:44:59.4430251+07:00","6160","5043634176","5266784256"
"2026-09-17T13:44:59.4430251+07:00","11228","47894528","3476578304"
"2026-09-17T13:44:59.9502079+07:00","6160","5044420608","5267570688"
"2026-09-17T13:44:59.9502079+07:00","11228","47898624","3476578304"
"2026-09-17T13:45:00.4584103+07:00","6160","5044523008","5267677184"
"2026-09-17T13:45:00.4584103+07:00","11228","47898624","3476578304"
"2026-09-17T13:45:00.9708666+07:00","6160","5045309440","5268463616"
"2026-09-17T13:45:00.9713544+07:00","11228","47898624","3476578304"
"2026-09-17T13:45:01.4861523+07:00","6160","5048971264","5272166400"
"2026-09-17T13:45:01.4861523+07:00","11228","47898624","3476578304"
"2026-09-17T13:45:01.9918296+07:00","6160","5049036800","5272236032"
"2026-09-17T13:45:01.9918296+07:00","11228","47902720","3476578304"
"2026-09-17T13:45:02.4999685+07:00","6160","5050707968","5273808896"
"2026-09-17T13:45:02.4999685+07:00","11228","47902720","3476578304"
"2026-09-17T13:45:03.0123034+07:00","6160","5057236992","5281124352"
"2026-09-17T13:45:03.0128808+07:00","11228","47902720","3476578304"
"2026-09-17T13:45:03.5310382+07:00","6160","5057830912","5281935360"
"2026-09-17T13:45:03.5310382+07:00","11228","47902720","3476578304"
"2026-09-17T13:45:04.0493595+07:00","6160","5060026368","5284798464"
"2026-09-17T13:45:04.0493595+07:00","11228","47902720","3476578304"
